,Names,2000,2001,2002,2003,2004,2005,2006,2007,2008,2009,2010,2011,2012,2013,2014,2015,2016,2017,2018,2019,2020,2021,Total
1,Dawson_Lambton,0.9996492057175556,0.3138433552834187,0.7904203021952767,0.732301162327977,0.0,0.8369156140891165,0.4998246028587778,0.232476559469199,0.8485394420625765,0.0,0.0,0.5579437427260776,0.3370910112303386,0.4184578070445582,0.4649531189383981,0.0,0.220852731495739,0.0697429678407597,0.1511097636549793,0.0697429678407597,0.0581191398672997,0.0,7.601983494642806
2,Philbin_Inlet,0.37,0.0,0.29,0.2099999999999999,0.0,0.32,0.0,0.02,1.17,0.0,0.31,0.0,0.0499999999999999,0.1099999999999999,0.18,0.0,0.0,0.0,0.0,0.0,0.01,0.0,3.0399999999999996
3,Walgreen_Coast_2,0.0,0.0,0.1497561743354017,0.1382364686172938,0.0,0.1382364686172938,0.1612758800535095,0.1497561743354017,0.0115197057181078,0.0,0.1382364686172938,0.0,0.0,0.1382364686172938,0.126716762899186,0.0,0.0,0.0,0.0,0.0230394114362156,0.0,0.0,1.1750099832469973
4,Jackson,2.91086283754466,0.2861526179281191,0.8683251854370513,0.7400498739520323,0.0,0.0,0.0296019949580812,0.0592039899161625,1.4307630896405958,0.0,0.0,0.0690713215688563,0.374958602802363,0.6019072308143196,0.2565506229700379,0.0,0.0,0.0,0.0,0.0296019949580812,0.0296019949580812,0.0,7.68665135744844
5,LarsenD_1,0.2855925732449667,0.1181762372048138,0.1477202965060172,0.0098480197670678,0.0,0.2068084151084241,0.1477202965060172,0.1674163360401529,0.2954405930120345,0.1181762372048138,0.1969603953413564,0.1181762372048138,0.1772643558072207,0.1772643558072207,0.216656434875492,0.2265044546425598,0.2265044546425598,0.216656434875492,0.216656434875492,0.216656434875492,0.216656434875492,0.0,3.7028554324174996
6,LarsenD,10.809999999999995,0.12,5.37,4.870000000000001,0.0,5.0100000000000025,3.9100000000000006,4.08,5.73,1.9699999999999995,4.559999999999999,3.95,3.150000000000001,3.62,0.22,6.49,9.269999999999994,6.14,6.019999999999999,5.739999999999998,5.500000000000003,0.0,96.52999999999997
7,LarsenF,0.0,0.6800000000000002,1.14,1.09,0.17,1.09,0.91,0.93,1.19,0.6399999999999999,0.8400000000000001,0.66,0.6399999999999999,0.63,0.0,0.0,0.43,0.3199999999999999,0.33,0.1599999999999999,0.0399999999999999,0.03,11.92
8,LarsenC,69.91000000000001,0.0573549267375331,27.070000000000004,18.74,0.0,0.2496001441355607,15.95,33.807434897910404,49.74,1.3200000000000005,3.5281586548378563,31.658378073516868,35.44164643769424,44.44142501082949,5.701224078804415,32.60999999999999,28.8316034398292,33.50000000000001,0.588419063196173,7.826735652194084,0.7583595868629377,16.232507633942067,457.9628476004909
9,Telen,0.0336030868047556,0.0,0.1004462739011725,0.0220537429318971,0.002584852831135,0.0,0.0399717213339781,0.001033941132454,0.003101823397362,0.0310127321329376,0.0,0.0399717213339781,0.001033941132454,0.003101823397362,0.001033941132454,0.0,0.0,0.0099929303334945,0.0099929303334945,0.0520325339323807,0.0,0.0,0.3509679960613097
10,Shirase,4.433372712193376,0.0,7.791373553694536,4.981203665187522,0.6087010588823856,3.743511512126672,1.0145017648039762,1.1362419765804534,1.866683247239316,0.6898612000667038,2.4652392884736622,2.008713494311873,2.98263518852369,3.946411865087467,3.1348104532442864,0.0,4.372502606305137,3.713076459182553,0.0,0.2840604941451133,0.3144955470892325,0.0,49.48739608713796
11,Skallen,0.65,0.0,0.030860097584943,0.0441720195169886,0.05,0.0,0.0083440390339772,0.02,0.06,0.0262580292754829,0.0,0.0083440390339772,0.02,0.06,0.02,0.0,0.0,0.0020860097584943,0.0020860097584943,0.0504300487924715,0.0,0.0,1.0525802927548291
12,Rayner_Thyer,12.910000000000002,2.28,4.68,4.52,0.0,3.5,0.86,0.2699999999999999,0.0,0.0,0.0,2.15,3.97,3.62,2.9600000000000004,2.57,0.5100000000000001,0.0,0.03,0.02,0.0,0.0,44.85
13,Myers,0.0,0.0,0.44,0.57,1.3199999999999998,0.0,0.18,0.4499999999999999,0.98,0.64,0.0,0.11,0.03,0.1699999999999999,0.0,5.72,0.02,0.04,0.02,0.02,0.01,0.0,10.719999999999997
14,Porter,0.9416147940522468,0.0,0.1141351265517874,0.0951126054598229,0.0,0.1236463870977697,0.1331576476437521,0.2187589925575926,0.1616914292816989,0.0,0.066578823821876,0.1236463870977697,0.2187589925575926,0.1616914292816989,0.0,0.2282702531035749,0.0,0.0190225210919645,0.0285337816379468,0.0285337816379468,0.0,0.0,2.6631529528750404
15,Zubchatyy,0.0,0.0,0.0099999999999999,0.06,0.1799999999999999,0.0,0.15,0.0799999999999999,0.27,0.0,0.0,0.0899999999999999,0.23,0.38,0.0199999999999999,0.0,0.0,0.1599999999999999,0.22,0.15,0.1799999999999999,0.0,2.1799999999999993
16,WilmaRobertDowner,4.391863282382615,0.03,1.2203280777112058,1.2687326593445694,0.0,1.170738911065301,0.8545329921867173,0.3519118366710587,0.0268589939230024,0.0051176645222448,1.5384700415914678,1.3745329921867175,1.258960298877322,1.3361440398551827,0.1962943097446933,0.2354094865904876,0.5292062601843364,0.2272598331984887,0.2058236516557139,0.1946028110002106,0.2127720635890846,0.0204706580889794,16.6500308643694
17,Edward_VIII,3.79,0.0,1.46,1.39,0.0,1.4499999999999995,1.1700000000000002,1.4200000000000002,0.91,0.0,1.13,1.1700000000000002,1.3200000000000005,1.39,0.0,1.6799999999999995,1.99,1.94,0.0,0.14,0.07,0.0,22.419999999999998
18,Cirque_Fjord,0.0,0.0,0.0299681496876983,0.0099893832292327,0.0,0.0599362993753967,0.0499469161461639,0.0,0.0699256826046295,0.0,0.6093523769832,0.0399575329169311,0.0099893832292327,0.0099893832292327,0.0,0.0299681496876983,0.939002023547882,0.0,0.0,0.0,0.0,0.0,1.8580252806372979
19,Hoseason,0.41,0.0,0.02,0.04,0.0,0.27,0.28,0.13,0.04,0.0,0.28,0.2499999999999999,0.13,0.0,0.2499999999999999,0.0,0.56,0.0,0.0,0.0,0.0,0.0,2.6599999999999997
20,Rund_Bay,0.0,0.0,0.1268951821657172,0.1536099573584999,0.0,0.1669673449548911,0.0,0.0,0.0,0.0066786937981956,0.0066786937981956,0.0,0.0,0.0066786937981956,0.0734656317801521,0.0467508565873695,0.0267147751927825,0.0,0.0467508565873695,0.0267147751927825,0.0400721627891738,0.0267147751927825,0.7546923991961075
21,Flatnes,1.211422935947223,0.0,0.2135509050696698,0.0960356806453203,0.0,0.38,0.3717754525348349,0.19,0.2917174147478316,0.0,0.31,0.19,0.0120118935484401,0.17,0.4896460534571909,0.0,0.0291717414747831,0.0514795437790291,0.0257397718895145,0.0051479543779029,0.02,0.0,4.05769934747174
22,Hovde,3.33,0.0,0.72,0.21,0.0,0.0,0.36,0.0,1.6999999999999995,0.0,0.0,0.0,0.07,0.0,1.2800000000000002,0.0,0.1699999999999999,0.3,0.15,0.03,0.0,0.0,8.32
23,Dalk,0.0,0.0,0.228912474371729,0.2060212269345561,0.0,0.228912474371729,0.2861405929646612,0.2632493455274883,0.2861405929646612,0.0,0.228912474371729,0.2861405929646612,0.0,0.0,0.0,0.0,0.0,0.0,0.0,0.0,0.0,0.0,2.014429774471215
24,Tracy_Tremenchus,1.9630321995221096,0.0,0.0,0.9104940830798566,0.1230406558944882,0.8211631959235842,0.5826171696921659,0.9261975534559164,1.1691671457371238,0.0,0.0401430527112661,1.148830264353763,0.6132368762960455,0.6902075149149719,0.1839991543627621,1.1677625720396982,1.1572021964681007,0.8509557180207653,0.804070711561856,0.9286980310761748,0.7862803558188874,0.0,14.867098450929538
25,Underwood,6.53,2.23,6.1,3.1899999999999995,0.0,2.59,0.0,0.07,0.43,0.0,0.22,0.0,1.2700000000000002,3.3400000000000003,2.8,6.9,5.15,4.620000000000001,3.41,3.03,0.0,0.0,51.879999999999995
26,May_Glacier,0.0,0.0,1.7228485082040328,1.5137166083642366,0.6771890090050533,2.081360336500825,1.2348740752445089,1.5336339321585033,2.360202869620553,0.5776023900337219,0.0,0.0,0.6971063327993196,1.1651634419645769,0.3883878139881923,0.4083051377824585,0.8265689374620503,0.9261555564333817,1.0357008373018464,0.806651613667784,0.0,0.0,17.955467400531045
27,Liotard,0.86375793694699,0.2495300706735749,0.86375793694699,0.604630555862893,0.0287919312315663,0.2783220019051411,0.3071139331367075,0.2111408290314864,0.0,0.0,0.3934897268314065,0.259127381084097,0.1919462082104422,0.086375793694699,0.0,0.3359058643682739,0.345503174778796,0.2015435186209642,0.0287919312315663,0.0,0.0287919312315663,0.0,5.2785207257871605
28,Francais,0.0,0.96,3.18,1.83,0.0,2.34,0.0,0.5,0.0,0.0,0.4600000000000001,0.97,0.73,0.31,0.0,3.2,1.2199999999999998,0.42,0.2,1.33,0.87,0.0,18.520000000000007
29,Gillet,1.1,0.5,0.56,0.69,0.0,0.49,0.29,0.38,0.29,0.0,0.0,0.2299999999999999,0.33,0.2299999999999999,0.2299999999999999,0.0,0.1199999999999999,0.07,0.08,0.0299999999999999,0.0299999999999999,0.0,5.6499999999999995
30,SmithInlet,0.0,0.0,0.03,0.01,0.0,0.01,0.0,0.0,0.01,0.0,0.0,0.0,0.0,0.0,0.0,0.02,0.01,0.01,0.0,0.0,0.0,0.0,0.09999999999999999
31,Lillie,0.0,1.64,0.29,0.3,0.0,0.33,0.0,0.0,0.08,0.0,0.03,0.0,0.0,0.06,0.0,0.0,0.14,0.11,0.06,0.15,0.02,0.0,3.21
32,Dennistoun,0.13,1.13,0.0199999999999999,0.0199999999999999,0.0,0.03,0.0,0.0199999999999999,0.06,0.0,0.0,0.03,0.03,0.0,0.0199999999999999,0.0,0.0499999999999999,0.0199999999999999,0.0,0.0,0.0099999999999999,0.0,1.5699999999999987
33,LarsenG,1.77,0.26,0.77,0.71,0.0,0.36,0.0,2.82,0.0,0.0,0.99,0.6699999999999999,0.7,0.5700000000000001,0.0,0.27,0.33,0.28,0.25,0.16,0.15,0.0,11.059999999999999
34,Ronne,1.7699999999999998,0.3333109533692828,151.9061389512368,154.56148373407729,124.5258277383423,148.59148373407723,98.85472495230296,197.0665870391668,166.1907941683962,54.05958677964166,166.58820764827968,163.7014488665055,163.1695867796416,154.42865573620986,125.0,134.70999999999998,113.98003486757176,130.30979338982078,128.48072443325273,133.3948966949104,140.62372417372757,122.6727931302957,2774.919803770826
35,Filchner,207.6424881365349,0.0,84.40036438937616,83.29088541646992,44.429135446562896,55.70384068474579,85.38989968953588,83.34086194678099,113.35676605162426,24.028715773574177,75.45456546369029,93.2562055605021,78.91294136121799,88.86826619918801,60.20172841274427,95.77502268818124,84.35038785906508,89.08816293255684,90.98727108437843,85.58980581078022,95.23527616082148,85.40989030166028,1804.7124813699907
36,Brunt_Stancomb,64.15,9.63,32.78,33.09,20.73,16.200000000000003,21.07999999999999,13.64,44.28,0.0,24.97000000000001,17.76,28.440000000000005,30.45000000000001,17.25,9.490000000000002,15.699999999999998,20.059999999999995,21.130000000000003,21.039999999999992,24.640000000000004,0.0,486.5099999999999
37,Riiser-Larsen,25.27,6.62,10.95,9.92,0.0,6.19,6.130000000000001,5.670000000000001,10.16,0.0,7.13,2.500000000000001,6.4,9.01,3.7,0.0,6.419999999999999,3.76,4.39,4.259999999999999,6.36,3.0400000000000005,137.88000000000002
38,Quar,0.0,0.0,0.9,0.96,0.0,1.0,0.27,0.9,0.94,0.31,0.99,0.08,0.8699999999999998,0.63,0.8199999999999998,0.0,0.12,0.1,0.04,0.06,0.03,0.0,9.019999999999998
39,Ekstrom,6.806922766024214,0.5523187820045621,3.356298634010879,3.096693261212564,0.0113979852006316,0.32,2.347038907208703,2.629440250408282,3.649094604412143,0.95,1.17,2.0827959704012637,2.089522811603299,2.312055697203439,0.1177791804065272,0.0,0.9654603984019652,1.8351973136008424,2.6313979852006315,1.9637993284002109,2.240131542400561,0.0,41.12734541810072
40,Wordie_(Cape_Jeremy),0.0,0.0,0.0912061884657444,0.0456030942328722,0.0,0.0,0.0684046413493083,0.1596108298150528,0.0,0.0,0.0076005157054787,0.0456030942328722,0.0152010314109574,0.0228015471164361,0.0,0.1368092826986167,0.0076005157054787,0.0,0.0228015471164361,0.0,0.0,0.0,0.6232422878492536
41,Wordie_(Prospect),0.0,0.0,1.4802571283467278,1.6193416907417222,0.5165998031814084,0.0,0.2582999015907042,0.1390845623949945,0.0,0.0,0.0596076695978548,0.0198692231992849,0.0099346115996424,0.0099346115996424,0.0,0.0198692231992849,0.0099346115996424,0.0,0.0,0.0,0.0099346115996424,0.0,4.152667648650551
42,Wordie_(Airy_Rotz_Seller),0.0,0.8410085599524857,1.1914287932660212,0.6808164532948694,0.0,0.5506603666355562,0.3504202333135356,0.0,0.0,0.0,0.0500600333305051,0.0,0.010012006666101,0.020024013332202,0.0,0.0500600333305051,0.010012006666101,0.0,0.0,0.0,0.0,0.0,3.7545024997878826
43,Wordie_(Harriott_Headland),0.0,0.0,0.07,0.15,0.0,0.15,0.06,0.0,0.0,0.0,0.4099999999999999,0.1,0.05,0.0,0.0,0.2,0.09,0.06,0.04,0.03,0.03,0.0,1.4400000000000002
44,Wordie_(Harriott),0.0,0.1197095536141404,0.2394191072282809,0.1565432624184913,0.0,0.0,0.0460421360054386,0.0,0.0,0.0,0.0552505632065263,0.0,0.0,0.0092084272010877,0.0,0.0092084272010877,0.0184168544021754,0.0092084272010877,0.0,0.0,0.0,0.0,0.6630067584783161
45,George_VI,0.64,0.7799999999999998,7.434364734875315,7.164368199571473,0.24,5.248807639454799,5.650049478940567,7.689265290397019,1.13,0.0,1.37,0.05,0.12,0.32,0.0,0.31,0.2799999999999999,0.7,1.65,4.031401643590272,4.306586187165055,1.55,50.66484317399449
46,Bach,0.0,0.0,0.0,0.35,0.0,0.16,0.6899999999999998,0.59,0.0,0.0,0.8200000000000001,0.0,0.0,0.0,0.0,0.0,0.0,0.02,0.03,0.02,0.0,0.0,2.6799999999999993
47,Verdi,0.0,0.0,0.79,0.98,0.0,0.0,0.43,0.2299999999999999,0.0,0.0,0.0,0.0,0.0,0.09,0.0,0.0,0.15,0.0399999999999999,0.0099999999999999,0.0799999999999999,0.1,0.0,2.9
48,Mendelssohn,0.38,0.09,0.31,0.33,0.0,0.0,0.07,2.75,0.0,0.0,0.55,0.0,0.07,0.16,0.0,0.2,0.0,0.03,0.1,0.03,0.09,0.0,5.160000000000001
49,Brahms,0.0,0.0,0.9000000000000001,0.58,0.23,0.0,0.23,0.22,1.13,0.0,0.0,0.0499999999999999,0.03,0.07,0.0,0.11,0.09,0.04,0.0499999999999999,0.02,0.03,0.0,3.779999999999999
50,Wilkins,0.38,0.09,2.13,4.58,0.0,0.74,5.909999999999999,6.98,0.0,0.0,0.55,0.0,0.07,0.16,0.0,0.2,0.0,0.03,0.1,1.7600000000000002,1.37,0.0,25.050000000000004
51,LarsenB,0.0,0.54,0.0,0.0,0.0,2.35,0.0,0.07,0.0,0.0,5.82,3.28,7.83,5.38,4.0600000000000005,0.0,0.58,0.0,5.54,5.43,7.140000000000001,6.52,54.53999999999999
52,Stange,6.075654133371864,0.2597996586306178,0.0,2.7978424775605,0.0,4.916208924856307,0.0,5.475777420368408,11.720961522065952,0.0,0.0,0.0,0.0,0.0,0.01,0.0,0.7194452085155572,0.289776542318766,0.1898535966916053,0.009992294562716,0.0799383565017285,0.0,32.54525013544403
53,Venable,21.92,0.0,0.0,2.8199999999999994,0.0,0.78,3.4700000000000006,3.29,5.02,0.0,0.0,0.0,0.0,0.0,0.0,0.0,0.54,0.09,0.13,0.13,0.19,0.0,38.38
54,Cosgrove,3.291409474263055,0.0,1.448546566496947,1.607082593793549,0.0,0.8833690648140219,0.14,0.8437996450209034,4.520817201173765,0.0,0.1893971877103656,0.0,0.0,0.6652636177243014,0.665177501682925,0.0,0.0297416518758709,0.0099138839586236,0.0,0.0695694197931183,0.0099138839586236,0.0,14.374001692266066
55,Pine_Island,65.53150290832129,0.0,66.77115300147639,0.0,30.73132569644235,48.39633952390287,69.64034313644026,46.106985722834125,93.93348609101248,0.0,51.035594560942805,35.769903494427695,48.4363282365853,52.2252587632449,0.0,45.80707037771597,0.0,45.45716914174475,0.0,0.0,0.0,50.57572436509494,750.4181850201862
56,Thwaites,0.3897042551737623,41.06883304523495,0.0,0.589552591160307,0.0,67.32890439386694,51.88062802210703,43.5069827442708,52.70000619965186,19.61511417707937,0.0,0.0,0.0,0.0,0.0,0.0,0.0,0.0,0.0,0.0,2.827853954209609,0.0,279.90757938275465
57,Crosson,14.190821911829588,0.0,12.757451745478448,15.35693862286237,6.829393080127185,26.656338833905316,9.641764072831062,4.69394010075381,8.440378712631858,7.2148436302356656,0.0,3.5628554654247706,2.198636588291048,4.235406522862309,0.3204675729193498,0.0,8.042128154013833,6.611959436476248,7.313677104622457,9.151979728216748,5.781758251627211,4.230072703754609,157.23081223886393
58,Dotson,0.0,2.11,5.320000000000001,5.19,0.0,4.66,0.0,0.39,13.2,0.0,5.34,3.16,5.39,3.88,1.81,4.83,4.920000000000001,0.0,0.56,0.08,0.05,0.0,60.89000000000001
59,Getz_2,0.6899259857754285,0.0,0.0907797349704511,0.0726237879763609,0.0090779734970451,0.0,0.0090779734970451,0.0,0.0,0.0,0.0,0.0090779734970451,0.0,0.0,0.0,0.4629766483493006,0.4357427278581653,0.4266647543611202,0.0,0.0,0.0,0.0,2.205947559781962
60,Getz,67.07999999999997,4.23,42.23,25.53,0.01,22.38,1.7100000000000004,0.73,45.26999999999998,0.0,0.9499999999999998,1.3,1.05,40.76,8.900000000000002,0.51,22.05999999999999,1.01,0.0,0.01,0.01,0.0,285.7299999999999
61,Getz_1,2.76,0.0,0.91,0.81,0.0,0.9200000000000002,1.07,0.7299999999999999,0.32,0.0,0.95,1.07,1.0500000000000005,1.0500000000000005,1.04,0.0,0.72,0.54,0.0,0.01,0.01,0.0,13.960000000000004
62,Hull,2.7427075827407963,0.0165946178077635,0.7245632183471113,0.5320850761474339,0.1659461780776357,2.8818304311406924,0.1078650157504632,0.1790664773608074,5.236981507624637,0.23232464930869,3.617194058397283,0.6891512142097911,0.2406219582125717,0.1659461780776357,0.0496867315713912,3.850489926224968,4.564338823442605,0.0,0.3676818136282952,0.1192481557713389,0.1425000450725879,0.0298120389428347,26.656635697857332
63,Land,0.9393656391941728,0.0,1.7304103879892656,1.6611939724696945,0.0,4.251865524773624,1.62164173502994,1.4041044291112894,11.06473842377136,0.0,7.425932579313933,10.392350387295531,7.475372876113626,7.14906691723565,5.586753538365343,5.013246095488901,1.7304103879892656,0.7317163926354608,1.10746264831313,1.028358173433621,0.7613805707152766,0.0,71.07537067923909
64,Nickerson,8.406557015600052,0.0,4.143231671974311,3.943075552555263,0.0,3.19249010473383,0.0,0.0,7.075518821463378,0.0,3.0023417912857333,0.0,2.7021076121571603,2.411881238999539,2.6220451643895406,3.782950657020024,4.853785895911935,2.892255925605257,2.011569000161441,1.2109445224852458,0.8206400896181003,0.0100078059709524,53.081402869931765
65,Sulzberger,0.6599999999999999,0.0,0.7000000000000002,0.8200000000000001,0.0,0.7599999999999999,0.27,0.26,0.3500000000000001,0.0,0.72,0.0,0.1599999999999999,0.0799999999999999,0.0,0.8799999999999999,1.7299999999999998,0.0,0.1599999999999999,0.2299999999999999,0.03,0.0,7.81
66,Swinburne,2.5,0.0,1.03,1.15,0.0,1.04,0.7099999999999999,0.5500000000000002,0.94,0.0,0.0,0.0,0.08,0.27,0.0,0.16,0.93,0.0,0.11,0.11,0.0699999999999999,0.02,9.669999999999998
67,Richter,1.7800497797992545,0.6542885677099962,0.8659701631455832,0.7505074747261722,0.0,0.7408855840245545,0.0288656721048527,0.0,1.789671670500872,0.0,0.0,0.0,0.4329850815727916,0.5195820978873499,0.0673532349113231,0.0,0.2886567210485277,0.2309253768388222,0.4041194094679388,0.3175223931533805,0.163572141927499,0.0,9.034955368818917
68,Withrow,1.5522369014855917,0.9824284186617668,0.7761184507427957,0.9726041344751492,0.0,1.2575083758870615,0.0,0.5403356302639718,7.545050255322369,0.0,0.0,0.0,0.707348461436472,0.9529555661019136,0.5108627777041188,1.4638183438060324,0.5305113460773541,0.0,0.383147083278089,0.2750799572252947,0.0,0.0,18.450005702467983
69,Hamilton,0.0,0.0,0.3596703036957334,0.2897344113104519,0.0,0.2297893606944964,0.2197985189251705,0.2597618860024742,0.2397802024638223,0.0,0.3197069366184298,0.0,0.0599450506159555,0.2397802024638223,0.2098076771558445,0.0,0.0499542088466296,0.0,0.0399633670773037,0.0699358923852815,0.0499542088466296,0.0,2.637582227102045
70,Ross_West,25.27214436852145,41.667672720387166,126.61007321126644,111.18009138194788,3.2238434191198477,92.3121152388188,109.5511695796815,78.19028108236539,216.37676445458047,44.51958817915092,92.44982123138062,139.8874969682175,98.31807326596628,128.87478961928255,101.6786033727896,117.49757575302388,104.94272554902956,129.2273951068887,108.00696526145568,123.03462178617757,119.74619258248596,90.78008505441916,2203.3480891869567
71,Ross_East,91.78,27.967345983405195,111.91545762876228,76.3185037238691,2.264753481886949,100.08656560649396,110.77925497823752,82.37719986056939,204.78626355084944,52.550976262479296,94.59352032888486,141.49878125458133,104.17127147076592,124.28035232849857,102.17946721376046,120.82946476126722,102.68232365590524,129.78250676888533,110.74665593673735,116.32454502647684,124.02723930320693,95.725066367748,2227.6675154932714
72,Nordenskjold,0.8900000000000001,0.41,0.25,0.6224817516096317,0.0,0.56,0.51,0.02,0.5574452548288952,0.0,0.0,0.0624817516096317,0.0049635032192634,0.5,0.0,0.0024817516096317,1.7899999999999998,0.0,0.2824817516096317,0.1949635032192634,0.39,0.0,7.04729926770595
73,Drygalski,7.62,0.74,3.01,2.33,0.0,0.3,0.15,0.0,6.92,0.0,2.2,0.6100000000000001,3.32,2.75,0.72,0.0,1.38,1.14,1.3099999999999998,2.1,1.6,0.32,38.52
75,HarbordGlacier,0.1577118396569894,0.0,0.0420564905751971,0.1051412264379929,0.0,0.0315423679313978,0.0,0.0210282452875985,0.1261694717255915,0.0,0.0210282452875985,0.0,0.0210282452875985,0.0210282452875985,0.0315423679313978,0.0,0.0,0.0,0.073598858506595,0.0,0.1051412264379929,0.0,0.7570168303535483
76,Cheetham,0.28,0.0,0.06,0.0799999999999999,0.0,0.14,0.06,0.0399999999999999,0.0099999999999999,0.0,0.05,0.0,0.0099999999999999,0.05,0.07,0.0,0.0,0.0,0.0,0.0,0.0399999999999999,0.0,0.8899999999999996
77,GeikieInlet,1.0,0.06,0.25,0.0,0.0,0.3,0.15,0.0,0.26,0.0,0.36,0.13,0.25,0.21,0.22,0.0,0.22,0.0499999999999999,0.14,0.08,0.07,0.0499999999999999,3.8
78,Campbell,0.0,0.0,0.16,0.19,0.0,0.15,0.0,0.0499999999999999,0.25,0.0,0.0,0.0,0.04,0.11,0.11,0.0,0.0,0.0,0.0,0.02,0.01,0.0,1.09
79,Tinker,0.0594596313336368,0.0099099385556061,0.0297298156668184,0.0297298156668184,0.0,0.0,0.0,0.0198198771112122,0.0495496927780307,0.0,0.0,0.0,0.0,0.0,0.0,0.0,0.0,0.0,0.0,0.0,0.0,0.0,0.19819877111212258
80,Aviator,0.21,0.51,0.21,0.3746782788647833,0.0,0.0705261274457623,0.0035087091485874,0.0,0.9540348365943498,0.0,0.0616956971619582,0.0,0.03,0.2181869880133707,0.38,0.0,0.0975435457429373,0.0581869880133707,0.0716956971619582,0.0411695697161958,0.0498826851753289,0.0011695697161958,3.3422786927547987
81,Fitzgerald,0.0,0.0,0.0,0.04,0.01,0.09,0.03,0.06,0.2,0.0,0.1,0.02,0.02,0.07,0.01,0.1999999999999999,0.17,0.08,0.13,0.0199999999999999,0.18,0.01,1.4399999999999997
82,Wylde,0.0,0.0,0.0,0.0,0.01,0.0,0.0,0.06,0.08,0.0,0.0,0.02,0.02,0.0,0.0,0.2,0.02,0.01,0.03,0.01,0.01,0.0,0.4700000000000001
83,Mariner,1.99,0.43,0.8,1.13,0.08,0.98,0.8400000000000001,0.5670947435267257,1.0,0.0,0.49,0.79,0.615698247842242,0.36,0.01,0.0,0.825585982737935,0.2956982478422419,0.3770947435267257,0.1656982478422419,0.3127929913689675,0.0,12.05966320468708
84,Tucker,0.25,0.0,0.12,0.13,0.0,0.13,0.0,0.04,0.16,0.0,0.17,0.16,0.12,0.0,0.07,0.0,0.34,0.01,0.01,0.0,0.0,0.0,1.71
85,Moubray,0.1599999999999999,0.69,0.1,0.1599999999999999,0.0,0.14,0.05,0.05,0.13,0.0,0.07,0.0199999999999999,0.1099999999999999,0.12,0.0,0.0,0.25,0.0399999999999999,0.05,0.0399999999999999,0.0099999999999999,0.0,2.189999999999999
86,Rennick,2.220278881824128,0.6436870694225687,1.2116757198381345,1.0073741388451374,0.0,0.9986031619859936,0.4243015809929968,0.7149160925634249,1.29,0.0,0.3773741388451375,0.5973741388451373,0.5892176735564217,0.7586031619859936,0.5700000000000001,0.0073741388451373,0.5073741388451374,0.3310612082677061,0.2,0.105530604133853,0.0806145115704281,0.0,12.635360360367331
87,Noll,0.7,0.0,0.26,0.25,0.0,0.49,0.1999999999999999,0.25,0.16,0.0,0.45,0.3400000000000001,0.52,0.38,0.36,0.0,0.27,0.0,0.0999999999999999,0.0,0.0,0.0,4.73
88,Matusevitch,13.000000000000002,0.0,0.71,1.32,0.0,3.69,0.0,3.2100000000000004,3.63,0.0,4.86,4.49,2.32,5.33,4.22,0.0,0.0,0.12,0.54,0.3,0.56,0.0,48.3
89,Slava,0.0,1.59,3.51,3.36,0.68,2.94,1.28,0.62,0.31,0.0,2.88,1.33,1.52,2.78,3.2,1.59,2.56,2.31,2.47,2.48,0.0,0.0,37.41
90,Cook,70.91,0.0,23.21,19.08,0.51,22.43,20.08,19.11,30.17,6.66,4.92,26.05,20.730000000000004,26.340000000000003,17.68,29.17,30.579999999999995,23.22,23.8,29.46,0.0,10.53,454.64
91,Mertz,15.1142006590596,5.985184367593186,6.302382088638125,6.772607495924785,0.0151690554649952,11.172832903211448,4.29642410766982,5.605973293096499,13.66,0.0,0.5663114040264886,3.3633811092999046,7.252592183796592,13.493493812943235,10.81,19.29252541653784,19.55835538173462,13.596874922243138,12.212269384994794,12.732269384994794,11.613734532358087,7.51,200.92658150358795
92,WattBay,0.0,0.0,0.13,0.12,0.0,0.12,0.0,0.15,0.5,0.0,0.16,0.0,0.08,0.07,0.12,0.0,0.31,0.09,0.09,0.06,0.0,0.0,2.0000000000000004
93,Zelee,0.0,0.0,0.1960880356933391,0.1960880356933391,0.0,0.0588264107080017,0.0,0.1176528214160034,0.1960880356933391,0.0,0.0,0.0,0.1372616249853373,0.1960880356933391,0.0196088035693339,1.4314426605613753,1.0294621873900305,0.6176773124340181,0.4608068838793469,0.4019804731713451,0.0,0.0,5.059071320888148
94,Astrolabe,1.3423292132027185,0.0,0.3068181058749071,0.0767045264687267,0.0,1.2272724234996284,0.0,0.373934566535043,1.668323450694807,0.4122868297694063,0.0479403290429542,0.0,0.2588777768319529,0.7382810672614952,0.9492185150504938,1.006746909902039,1.188920160265265,0.1534090529374535,0.0383522632343633,0.0767045264687267,0.0958806580859084,0.0095880658085908,9.97158844093448
95,PourquoiPas,1.1144496641777948,3.400992940680512,7.426461986288236,7.09020562209666,0.2882197407356365,7.753111025788624,3.256883070312693,0.0,8.079760065289012,0.0,7.829969623318125,5.649106918418477,6.215939075198561,6.715519959140332,5.81243143816867,7.714681727023871,4.304081461652173,1.9022502888552013,1.5756012493548133,0.9030885209716611,0.8454445728245339,0.0,87.8781989502956
96,Morse,0.0,0.0473492653513215,0.3314448574592507,0.340914710529515,0.0,0.0,0.0,0.0284095592107929,0.1704573552647575,0.0284095592107929,0.0,0.0757588245621144,0.0189397061405286,0.0568191184215858,0.0473492653513215,0.0,0.0,0.0094698530702643,0.0094698530702643,0.0,0.0189397061405286,0.0,1.183731633783038
97,Voyeykov,0.0,0.0,0.24,0.11,0.0,0.0,0.0,0.0,0.0,0.0,0.0,0.0,0.0,0.0,0.0,3.11,3.02,0.0,1.28,0.75,0.04,0.0,8.55
98,Totten,11.97199260362465,1.7870520484698336,17.833941370802528,12.648346811847782,0.0,3.8863953611031774,0.0146077885249375,0.0,38.52644611757032,0.0,9.130835238347172,0.0,4.397223459326945,0.0578246023270883,0.4147044191677053,28.963888640827985,0.0,7.673112648088313,0.0,4.184589894461476,0.0108673859268566,0.0,141.50182839041676
99,Conger_Glenzer,0.0,2.3365337755814566,1.39792619051882,1.4578373129696265,4.37351193890888,0.5192297279069903,0.0,0.139792619051882,0.4393482313059148,0.0,0.0,0.0,0.0,0.0,0.0,0.0,1.8672299830501384,1.9670818538014825,1.8772151701252728,1.7673781122987942,0.0,0.0,18.14308491551926
100,Shackleton,70.00770810272083,0.0,0.0,31.399397175161383,4.388004600599847,28.213585615821778,20.777903063114337,30.530636883689944,41.69606198104237,0.0,0.002829663442226,35.255611313381365,21.869895075592385,24.614902519803245,6.561970350212097,41.6459706043232,32.69659215224399,22.84650524167225,22.60323696997798,29.19101765105825,28.041152687394906,0.0,492.3429816512524
101,Helen,17.567775535863035,0.0,0.0,0.7547489772332336,0.0,5.442137362155422,3.12823589247985,1.4300506937050743,11.946881836994471,0.0,1.3406725253485072,0.0,1.261225264587114,0.6455089936863183,2.522450529174228,0.0,0.9632980367318904,0.5362690101394029,0.2482726898793532,0.1489636139276119,0.1886872443083084,0.0,48.12517820621382
102,West,60.52,9.45,38.53,30.24,0.0,40.55,21.72,29.79,49.920000000000016,11.71,5.2,16.38,21.71,9.02,0.0,0.0,21.83,13.16,1.88,0.8799999999999999,12.41,0.0,394.9
103,Sorsdal,2.13,0.0,0.66,0.65,0.0,0.0,0.52,0.0,0.98,0.0,0.0,0.13,0.11,0.19,0.34,0.0,0.0,0.2099999999999999,0.18,0.11,0.05,0.0,6.26
104,Publications,4.28,0.0,0.0,0.6800000000000002,0.0,1.6799999999999995,0.0,1.8,0.0,0.0,3.59,4.36,4.44,3.94,3.7,0.0,0.0,0.05,0.69,0.9399999999999998,1.03,0.83,32.010000000000005
105,Abbot_2,0.0,0.4,0.02,0.07,0.0,0.0,0.04,0.08,0.0,0.09,0.0,0.0,0.06,0.0,0.0,0.0,0.01,0.04,0.05,0.02,0.08,0.0,0.9600000000000001
106,Abbot_3,0.0,0.0,0.0,0.0,0.03,0.0,0.0,0.0,0.02,0.0,0.0,0.0,0.0,0.0,0.0,0.0,0.0,0.0,0.0,0.0,0.0,0.0,0.05
107,Abbot_4,0.5208477181055158,0.0,0.2859556099402831,0.3268064113603235,0.0,0.1940413067451921,0.1531905053251516,0.2655302092302629,0.1429778049701415,0.0,0.0,0.0,0.0102127003550101,0.0,0.0,0.2042540071002022,0.183828606390182,0.091914303195091,0.0408508014200404,0.0204254007100202,0.0,0.0,2.4408353848474165
108,Abbot_5,0.57,0.2199999999999999,0.23,0.3299999999999999,0.27,0.0,0.81,0.15,0.0,0.0,0.0,0.17,0.02,0.2199999999999999,0.0,0.0,0.01,0.01,0.01,0.01,0.0,0.0,3.0299999999999985
109,Abbot_6,0.3026048612680225,0.2925180325590884,0.121041944507209,0.1815629167608135,0.0201736574178681,0.121041944507209,0.1008682870893408,0.1109551157982749,0.0605209722536045,0.0,0.0,0.0706078009625386,0.0504341435446704,0.0,0.0,0.0,0.010086828708934,0.010086828708934,0.0,0.0,0.010086828708934,0.0,1.4625901627954414
110,Abbot,0.5119119504025472,3.7418482187224624,3.9307647801610193,4.801147170241529,0.0001274633601698,3.320764780161019,1.0606373168008492,0.0007010484809339,0.8203823900805095,0.0,0.0,0.0004461217605943,0.0003186584004245,0.0,0.0,0.0,6.373168008490864e-05,1.0300637316800851,0.7099999999999999,0.4399999999999999,1.090063731680085,0.0,21.459241093612317
111,Abbot_1,0.0,0.4399999999999999,0.0,0.07,0.03,0.0,0.18,0.24,0.24,0.0,0.0,0.0,0.08,0.0,0.0,0.0,0.0,0.1,0.13,0.12,0.06,0.0,1.6900000000000004
112,Lauritzen,1.6808310730263922,0.0,2.143814482363004,2.053230771840623,0.0,2.26459276305951,1.560052792329885,1.3084313742121618,2.9892624472385543,0.0,0.0,0.0,0.0,1.399015084734542,1.6305067894028478,0.0,0.0402594268988357,0.0402594268988357,0.1006485672470893,0.150972850870634,0.0805188537976714,0.0,17.442396703920583
113,Commandant_Charcot,0.0,0.0,0.374567942809667,0.1971410225314036,0.0,2.099551889959449,0.482995505201939,0.1971410225314036,2.286835861364282,0.0,1.8531256117951944,0.4731384540753687,0.1281416646454123,0.2957115337971054,2.7304031620599405,0.7885640901256147,0.4731384540753687,0.1675698691516931,0.0689993578859912,0.1478557668985527,0.0887134601391316,0.0,12.853594669047519
114,Dibble,2.4248242688633077,0.0045372519433571,3.187591399923108,1.1786957803112763,0.0003845128765556,4.206394684918564,1.362168333818893,0.1131519448594844,0.123931122498929,0.0,4.2064972216856455,3.3172308395204126,4.006328046072836,4.676476875477482,4.307528247670949,6.045062520501646,6.45540291594718,1.652670314186083,3.3495137058182536,3.4051924815360324,0.0011279044378967,0.0,54.024710372867894
115,Amery,96.90657092509788,18.29627913305905,43.97876017946404,39.977071272233495,0.0,39.47934877133417,53.83366569727061,30.291391404732696,88.06701930912591,10.979758369839027,35.44779651404968,53.027355245813695,29.85339560394129,58.21362370518463,37.10023521703542,53.52507774671304,52.917856295615856,46.36782818378079,25.88157004676471,47.18409308525567,0.0,39.31012312102841,900.6388198273401
116,Utsikkar,0.23,0.0,0.3,0.35,0.0,0.33,0.26,0.17,0.23,0.0,0.23,0.2,0.16,0.0,0.17,0.31,0.48,0.18,0.0,0.04,0.09,0.0,3.7300000000000004
117,Mulebreen,2.31,0.32,0.6499999999999999,0.61,0.0,0.78,0.0,0.43,2.25,0.0,0.0,0.21,0.2799999999999999,0.54,0.76,0.0,0.95,0.01,0.1,0.1199999999999999,0.16,0.0,10.479999999999997
118,Baudouin,10.683591223626888,0.0,6.209999999999999,6.279999999999999,0.0,8.124920820044444,6.03508349178145,5.604221331575315,6.161138947191513,8.11021554005153,3.5164092664380515,5.205156694063103,5.355925318020458,2.14597411954156,0.0037211159840213,0.0037455167445723,0.006433667198603,0.003712982397171,2.263448640824535,1.433338837402056,1.4651160261288512,0.0029606256135164,78.61511416462764
119,Borchgrevink,33.668710380112586,0.0,0.0,0.0,0.0,12.19004774384687,12.593024528767426,10.457247568688471,27.593835347435185,0.5339442400197391,15.877285325869972,12.77436408198168,14.678429390731312,14.79932242620748,9.218093955057755,9.27854047279584,15.93773184360806,9.197945115811727,8.543107840315825,8.271098510494447,12.673619885751542,7.334177485554149,235.62052614305006
120,Lazarev,6.91,1.1899999999999995,3.84,3.3,0.0,2.8799999999999994,3.69,3.73,3.95,1.03,3.6800000000000006,3.54,3.63,3.69,2.6,2.1900000000000004,1.9,1.77,1.58,0.0,1.05,0.06,56.21
121,Fimbul,15.31,3.7200000000000006,15.949999999999998,17.13,0.0,8.030000000000001,19.9,10.9,0.0,0.0,11.830000000000002,0.0,19.8,16.410000000000004,9.95,0.0,0.0,5.37,9.5,12.449999999999996,11.420000000000002,7.72,195.38999999999996
122,Nivl,2.120000000000001,0.24,0.6399999999999999,1.17,0.0,0.7600000000000001,0.84,0.5799999999999998,1.13,0.1599999999999999,0.65,0.86,0.59,0.8100000000000002,0.0,0.0,0.0,0.06,0.24,0.0199999999999999,0.27,0.0,11.14
123,Vigrid,3.44,0.0,1.86,1.6799999999999995,0.0,0.44,0.0,0.0,8.52,0.0,2.41,2.53,2.61,1.96,0.5100000000000001,0.0,0.09,0.09,0.07,0.06,0.0099999999999999,0.0,26.280000000000005
124,Atka,3.4653376478211437,0.6559328629039289,1.5668674218883,1.8047390405774737,0.0899999999999999,0.0115730733776189,1.2496442278146824,1.1903625565070863,1.7456436026345743,0.0,0.0094979015995631,0.1922381925372522,0.486973840953841,0.5045528072127761,0.9419987496397844,0.0068241225778373,0.2867177035122961,0.1258663509879654,0.0939907149577996,0.0444197833808493,0.0929565212296561,0.0063851439324794,14.57252226604691
125,Jelbart,11.569517739487376,4.475286133401014,12.723459231283602,11.117975416610587,0.0,8.729818242284487,7.274848535237075,7.816699322689215,11.80030603784662,0.0,7.164471522978304,9.231531934369803,12.803733422017253,10.977495582826702,9.050915005219087,5.147582480795336,5.067308290061686,4.425114764192483,3.010282152511893,10.87715284440964,9.773382721821944,4.8164514440190285,167.85333282406313
126,Erebus,0.0,0.0,0.0,0.0,0.01,0.0,0.0,0.0,0.01,0.0,0.0,0.0,0.0,0.01,0.0,0.0,0.0,0.0,0.0,0.0,0.02,0.0,0.05
127,Marin,0.0,0.0,0.0,0.0099999999999999,0.0,0.0,0.0,0.0,0.03,0.0,0.0,0.0099999999999999,0.0199999999999999,0.0,0.0,0.0099999999999999,0.0,0.0,0.0099999999999999,0.0199999999999999,0.0,0.0,0.1099999999999994
128,CapeWashington,0.0,0.0,0.0,0.0,0.0064239682271074,0.0,0.0,0.0,0.0,0.0,0.0,0.0,0.0,0.0,0.0,0.0,0.0,0.0,0.0,0.0,0.0,0.0,0.0064239682271074
129,Parker,0.07,0.05,0.05,0.05,0.0,0.06,0.0,0.0,0.14,0.0,0.05,0.0,0.0,0.0399999999999999,0.05,0.0,0.0099999999999999,0.0,0.0099999999999999,0.0,0.0,0.0,0.5799999999999997
130,Falkner,0.0,0.0,0.0,0.0,0.0,0.0,0.0,0.0,0.0,0.0,0.0,0.0,0.0,0.0,0.0061015070251414,0.0,0.0,0.0,0.0,0.0,0.0,0.0,0.0061015070251414
131,Suter,0.0,0.0,0.0,0.0,0.0,0.0,0.0,0.03,0.0,0.0,0.0,0.0,0.01,0.0,0.0,0.0,0.08,0.01,0.03,0.01,0.04,0.0,0.21000000000000002
132,Mandible_Cirque,0.0223526722929838,0.0,0.0,0.0,0.0894106891719354,0.0,0.0111763361464919,0.0335290084394758,0.0111763361464919,0.0,0.0,0.0,0.0670580168789516,0.0,0.0111763361464919,0.0,0.0,0.0111763361464919,0.0,0.0111763361464919,0.0,0.0,0.2682320675158061
133,Arneb,0.01,1.12,0.0,0.0,0.0,0.0,0.0,0.0,0.0,0.0,0.0,0.0,0.0,0.0,0.0,0.0,0.0,0.0,0.0,0.0,0.0,0.0,1.1300000000000001
134,Manhaul,0.02,0.65,0.0,0.0,0.0,0.0,0.0,0.0,0.0,0.0,0.0,0.0,0.0,0.0,0.0,0.0,0.0,0.0,0.0,0.0,0.0,0.0,0.67
135,Ironside,0.0,0.84,0.01,0.0,0.0,0.19,0.0,0.0,0.13,0.0,0.0,0.0,0.0,0.01,0.01,0.0,0.03,0.03,0.02,0.05,0.0,0.0,1.32
136,Quatermain_Point,0.0,0.04,0.0,0.01,0.0,0.02,0.04,0.01,0.03,0.0,0.06,0.04,0.02,0.04,0.02,0.0,0.0,0.0,0.0,0.0,0.0,0.0,0.33
137,Kirkby,0.11,0.05,0.1,0.11,0.0,0.15,0.06,0.06,0.3299999999999999,0.0,0.14,0.1,0.08,0.05,0.0,0.0,0.15,0.12,0.15,0.12,0.0,0.0,1.88
138,Barber,0.1699879800043323,0.1133253200028882,0.1133253200028882,0.1227690966697955,0.0,0.1038815433359808,0.0944377666690735,0.1038815433359808,0.0566626600014441,0.0,0.0,0.1038815433359808,0.0472188833345367,0.1038815433359808,0.0,0.0,0.0,0.0472188833345367,0.0,0.0188875533338147,0.0,0.0,1.1993596366972328
139,Chugunov,0.33,0.06,0.19,0.12,0.0,0.14,0.07,0.08,0.0,0.0,0.12,0.12,0.15,0.14,0.0,0.12,0.12,0.18,0.0,0.09,0.01,0.0,2.04
140,Gannutz,0.03,0.01,0.03,0.02,0.0,0.02,0.01,0.01,0.02,0.0,0.04,0.01,0.02,0.03,0.01,0.0,0.01,0.01,0.0,0.01,0.0,0.0,0.29000000000000004
141,Paternostro,0.02,0.0,0.01,0.01,0.01,0.0,0.01,0.01,0.0,0.0,0.01,0.01,0.0,0.01,0.0,0.14,0.01,0.0,0.0,0.0,0.01,0.0,0.26
142,McLeod,0.12,0.04,0.09,0.08,0.02,0.03,0.04,0.03,0.0,0.0,0.07,0.02,0.02,0.01,0.0,0.16,0.02,0.02,0.01,0.01,0.01,0.0,0.8000000000000002
143,Drury,0.1692759939016598,0.0940422188342554,0.1974886595519365,0.3479562096867452,0.0,0.4325942066375752,0.3385519878033197,0.2257013252022131,0.1974886595519365,0.0,0.3761688753370219,0.3291477659198941,0.1786802157850854,0.2915308783861919,0.1128506626011065,0.0,0.0,0.1504675501348087,0.0846379969508299,0.0,0.103446440717681,0.0,3.63002964700226
144,Andreyev,0.0,0.16,0.08,0.01,0.0,0.04,0.06,0.03,0.0,0.0,0.38,0.06,0.02,0.0,0.0,0.03,0.0,0.04,0.06,0.0,0.0,0.0,0.9700000000000002
145,Deakin,0.2535865873290435,0.4291465324029966,1.423986221155398,1.492259533128602,0.6242131380407223,0.6144598077588361,0.6339664683226087,0.6534731288863813,0.0,0.3803798809935652,0.3998865415573377,0.0,0.1560532845101805,0.0,0.0,0.0,0.4681598535305418,0.3608732204297926,0.1853132753558394,0.0780266422550902,0.0975333028188628,0.0,8.2513174184758
146,HornBluff,0.4399999999999999,0.54,0.73,0.65,0.0,0.7599999999999999,0.64,0.41,1.08,0.66,0.14,0.0,0.3799999999999999,0.39,0.2199999999999999,0.0,0.04,0.02,0.03,0.03,0.04,0.01,7.209999999999999
147,Fisher,2.3896693217469083,0.8724189587329982,1.242248734717639,1.2801799937929867,0.0284484443065108,1.3181112528683343,1.081040883647411,1.0051783654967157,0.0,0.0,1.0620752541097371,0.5689688861302162,0.4362094793664991,0.5879345156678901,0.0,2.9491553931082874,2.247427100214354,1.1569034017981064,1.2232831051799649,1.2232831051799649,1.4698362891697254,0.0,22.142372485234254
148,Ainsworth,0.97,0.2800000000000001,0.61,0.5800000000000001,0.0,0.63,0.2800000000000001,0.3599999999999999,0.0899999999999999,0.0,0.62,0.44,0.0,0.0,0.3199999999999999,0.67,0.55,0.55,0.5600000000000002,0.47,0.4299999999999999,0.0,8.41
149,Marret,0.0,0.3036069586610675,0.4309260058415152,0.4113384601214463,0.0,0.3329882772411708,0.3819571415413431,0.1371128200404821,0.0783501828802755,0.0,0.0293813185801033,0.0587626371602066,0.0,0.0391750914401377,0.0,0.3819571415413431,0.3036069586610675,0.0,0.0195875457200688,0.4113384601214463,0.4896886430017219,0.0,3.809777642553396
150,Sandford,2.2744294650472403,0.7581431550157467,1.17331678752437,0.9657299712700584,0.0,0.3610205500074984,0.7671686687659341,0.0,1.1372147325236202,0.0,0.9025513750187462,0.5956839075123725,0.469326715009748,0.3610205500074984,0.0,0.0,0.7310666137651844,0.0,0.0541530825011247,0.0,0.0,0.0,10.550825573969142
151,Williamson,2.7990280394150178,0.0,0.1264077179090653,0.1715533314480171,0.0180582454155807,0.0,0.0,0.072232981662323,0.1083494724934845,0.0,0.0,0.0090291227077903,0.1354368406168556,0.1264077179090653,0.0,1.7787371734347046,1.9232031367593505,1.7606789280191235,1.3453392834607665,0.9841743751491514,0.7765045528699724,0.0,12.13514091927027
152,Whittle,0.0,0.0,0.0,0.0,0.0,0.0,0.0,0.0,0.0,0.0,0.0,0.0,0.0,0.0,0.0,0.0,0.0,0.0,0.0,0.0,0.0,0.0,0.0
153,Fox,1.232329302527452,0.0,1.084449786224158,0.6945856068791094,0.0,0.6228864474593303,0.0044811974637361,0.3226462173890057,0.8335027282549312,0.0,0.0,0.0,0.331608612316478,0.4167513641274656,0.0,1.5504943224527217,1.680449048901071,1.4922387554241514,1.3891712137582188,1.2861036720922865,1.2412916974549246,0.0,14.182989972725043
154,LarsenA,0.0,0.0,0.0,0.3,0.0,0.0,0.0,0.0,0.4699999999999999,0.0,0.34,0.0,0.11,0.44,0.0,0.0,1.54,0.0,0.43,0.2099999999999999,0.2,0.0,4.04
155,Ferrigno,3.5924023721061142,0.0,7.5519839921899266,3.771030114365534,0.0,1.597725916875924,1.9351338744770503,0.0,7.889391949791053,0.0,0.0,0.0,0.0694663442119966,0.1389326884239933,0.0,4.951957965969478,1.4984882822873569,0.6847396786611102,0.1885515057182767,0.0694663442119966,7.293966142259651,6.222199688703132,47.45543686025259
156,Holmes,26.132056936246286,0.0,5.038468514104105,2.769158290489756,0.0199939226750162,0.349893646812785,0.1899422654126547,0.1699483427376384,0.0499848066875407,0.0,0.2699179561127198,0.2199331494251791,0.0199939226750162,0.0099969613375081,0.0,25.95211163217114,27.46165279413487,0.0,0.0,0.6398055256005212,3.2090245893401144,0.0,92.50188325596285
157,Moscow_University,14.143489436962462,0.0,18.40550072107183,9.701814913710312,0.0,10.41048657921796,2.8845931173480253,0.0,0.0,0.0,3.134125393935225,0.0,10.739869184313063,11.418596976630244,10.919532423455848,8.214602545250605,0.0,5.08047715131538,0.0,2.265753071411771,2.145977578649915,0.0,109.46481909327264
158,Prince_Harald,16.73927345327118,0.0,2.648302964248874,2.5383734072423167,0.0,6.875594110955566,6.136068000184183,5.626394599517418,5.2366443519487165,0.0,6.625754208667937,6.685715785216968,5.93619607835408,5.886228097896553,0.0699551726405362,17.668677889781165,11.442667524773434,0.0,0.0,0.0,0.0,0.0,100.11584564469894
159,Vincennes_Bay,16.03,1.97,6.81,3.76,0.0,1.71,0.0,1.88,3.59,0.0,0.0,0.0,0.6299999999999999,6.13,3.51,0.0,1.07,0.77,0.0,0.18,0.11,0.0,48.150000000000006
160,Frost,35.79783283680163,9.801192858750325,18.543337355596936,12.528741941766464,0.0,9.04187516530993,1.4886623200344524,0.0,0.0,0.0,13.677709504209162,3.2271001971216653,0.8292548494151647,0.3496857798738646,0.0,30.07297706915236,28.464422481732583,0.0,0.7693087157225023,0.3996408912844167,0.4396049804128584,0.0,165.43134694718432
161,LarsenE,0.0,1.0780680483874967,2.044261110621574,2.227329269781715,0.6712499169205169,2.2069883632083656,1.9323861244681544,1.4035225535610805,3.305397318169212,0.7221021833538892,1.9832383909015268,1.6577838857279428,1.2509657542609631,2.3697156157951578,0.0,1.2001134878275908,0.7831249030739363,0.5390340241937484,0.3457954117469329,0.1627272525867919,0.1220454394400939,0.0203409065733489,26.02618996060004
162,Ninnis,0.0,22.323600049946005,37.3592894700619,31.50096899121356,0.2499283480737349,32.25075403543476,15.015695152269997,21.71377488064609,37.91912896974706,8.82746925396432,22.993408022783616,12.856314224912923,0.0,22.603519799788582,13.396159456752194,14.035976027820952,23.053390826321312,0.0,18.47470348961049,20.89400989896424,18.724631837684225,0.0,374.1927227359959
163,Suvorov,0.0,1.450901586762961,0.7758293206996392,0.5541638004997423,0.0,0.2619683420544236,0.2115898147362652,0.2216655201998968,0.4937095677179522,0.0,0.0,0.3324982802998454,0.2921954584453186,0.2720440475180553,0.0,0.0,0.2720440475180553,0.3526496912271086,0.1612112874181068,0.2115898147362652,0.0,0.0,5.864060579833636
164,Walgreen_Coast_1,1.3887722006915644,0.3337359552049496,0.764362994179078,0.90431678184567,0.1614851396152982,0.5490494746920138,0.6351748824868395,0.6459405584611928,0.3767986591023624,0.0,0.0,0.4198613629997753,0.150719463640945,0.5813465026150735,0.6459405584611928,0.0,0.0,0.0,0.0,0.0,0.0322970279230596,0.0,7.589801561919014
165,Hamilton_Piedmont,0.2556040735602976,0.0,0.0159752545975186,0.0559133910913151,0.0,0.0,0.0,0.0319505091950372,0.0079876272987593,0.0,0.0,0.0,0.0319505091950372,0.0,0.0,0.0,0.0,0.0,0.0,0.0,0.0,0.0,0.39938136493796494
166,Holt,1.5962275296251596,0.0,0.2031464027287109,0.0457020550458623,0.0037021103006645,0.7713401550521701,0.3042449881322943,0.0679547742719866,0.0045754011530643,0.0039110571917295,0.0,0.3663599646796436,0.1133237228443169,0.4601677738391822,0.4300125760407278,0.0,0.0137038385159628,0.0035842428236534,0.0039646333176436,0.0049611492596459,0.003134203365975,0.0022930581891236,4.402309636377518
167,Hummer_Point,0.5602224318637008,0.0,0.0579540446755552,0.0676130521214811,0.0,0.0579540446755552,0.1159080893511105,0.0579540446755552,0.077272059567407,0.0,0.0,0.0,0.0965900744592587,0.0676130521214811,0.0965900744592587,0.0,0.0,0.0,0.0,0.0,0.0,0.0,1.2556709679703635
168,Harmon_Bay,0.3599999999999999,0.04,0.2,0.1799999999999999,0.0,0.15,0.0,0.16,0.61,0.0,0.0899999999999999,0.0,0.19,0.21,0.13,0.0,0.0,0.01,0.0,0.01,0.0,0.0,2.339999999999999
169,Perkins,0.284942159227796,0.0172692217713815,0.120884552399671,0.0690768870855262,0.1813268285995065,0.0,0.1295191632853617,0.1467883850567433,0.0863461088569078,0.1036153306282894,0.0,0.0086346108856907,0.0,0.0,0.0,0.0518076653141447,0.0345384435427631,0.0086346108856907,0.0,0.0,0.0,0.0,1.2433839675394727
170,Garfield,0.0,0.0061524581774731,0.1507352253480923,0.0830581853958876,0.0615245817747315,0.0,0.0399909781535755,0.0369147490648389,0.0,0.0861344144846241,0.0,0.0307622908873657,0.0892106435733607,0.0615245817747315,0.0,0.2707081598088188,0.2737843888975554,0.0,0.0,0.0,0.0123049163549463,0.0,1.2028055736960013
171,Rose_Point,0.02,0.02,0.02,0.03,0.0,0.0,0.01,0.0,0.0,0.0,0.0,0.0,0.0,0.0,0.0,0.0,0.0,0.0,0.0,0.0,0.0,0.0,0.09999999999999999
172,Fox,11.01033104434205,0.0,3.693412636038551,3.6584592041517503,0.1980694473585342,0.1514648715094673,2.6331585354722784,0.7922777894341371,0.0,0.0,1.5262998590569403,0.0,0.0,1.2583235479248058,0.0,0.0,0.1048602956604004,0.0,0.0932091516981337,0.0,0.0,0.0,25.119866382647054
173,Eltanin_Bay,0.0,0.4093094171128084,0.3046023569211598,0.3046023569211598,0.0,0.0,0.0190376473075724,0.0190376473075724,0.0,0.0,0.704392950380182,0.3331588278825185,0.2094141203832973,0.0,0.0,1.1898529567232805,0.2855647096135873,0.1618200021143661,0.1332635311530074,0.1808576494219386,0.1713388257681523,0.0,4.426252999010603
174,Alison,0.0,0.0,3.608874928935049,0.0,3.0280269852278248,0.0,0.0190441948756466,0.4951490667668141,0.0,0.0,0.9236434514688648,0.0,0.3713618000751105,0.1047430718160568,0.0,2.399568554331484,0.8665108668419247,0.5522816513937542,0.1809198513186436,0.1428314615673502,0.0380883897512933,0.0,12.731044274369815
175,Thomson,0.0,0.0,0.2511296527923099,0.2221531543931972,0.0579529967982253,0.0,0.0096588327997042,0.0772706623976338,0.1642001575949719,0.0,0.0,0.0,0.0,0.0289764983991126,0.0,0.0,0.0,0.0096588327997042,0.0482941639985211,0.0676118295979296,0.0579529967982253,0.0,0.9948597783695352
176,Britten,0.26,0.0,0.14,0.04,0.01,0.0,0.0,0.03,0.0,0.0,0.0,0.0,0.02,0.0,0.0,0.0,0.04,0.04,0.08,0.0899999999999999,0.04,0.0,0.7899999999999999
177,ClarkeBay,0.0,0.01,0.0,0.0,0.01,0.0,0.0,0.0,0.0,0.0,0.0,0.0,0.0,0.0,0.0,0.0,0.0,0.0,0.0,0.0,0.0,0.0,0.02
178,Hayes_Coats_Coast,0.0,0.0,0.3720278259967756,0.4209788557331934,0.2839159724712234,0.0,0.362237620049492,0.156643295156537,0.0,0.0,0.3034963843657906,0.5580417389951633,0.1174824713674028,0.4503494735750442,0.0097902059472835,0.0,0.0489510297364178,0.0293706178418507,0.0391608237891342,0.0587412356837014,0.1174824713674028,0.0,3.328670022076413
180,Rydberg_Peninsula_1,0.0,0.0,0.0,0.0399999999999999,0.0,0.0,0.0,0.0,0.0199999999999999,0.0,0.0,0.0,0.0,0.0099999999999999,0.0,0.0,0.0,0.0,0.0,0.0,0.0,0.0,0.0699999999999997
181,Rydberg_Peninsula_2,0.44,0.0,0.0,0.0,0.0,0.0,0.0,0.0,0.0,0.0,0.0,0.0,0.0,0.0,0.01,0.0,0.0,0.0,0.0,0.0,0.0,0.0,0.45
