,2000,2001,2002,2003,2004,2005,2006,2007,2008,2009,2010,2011,2012,2013,2014,2015,2016,2017,2018,2019,2020,2021
110,0.5119119504025472,3.7418482187224624,3.9307647801610193,4.801147170241529,0.00012746336016981728,3.320764780161019,1.0606373168008492,0.000701048480933995,0.8203823900805095,0.0,0.0,0.00044612176059436045,0.00031865840042454317,0.0,0.0,0.0,6.373168008490864e-05,1.0300637316800851,0.7099999999999999,0.43999999999999995,1.090063731680085,0.0
111,0.0,0.43999999999999995,0.0,0.07,0.03,0.0,0.18,0.24,0.24,0.0,0.0,0.0,0.08,0.0,0.0,0.0,0.0,0.1,0.13,0.12,0.06,0.0
105,0.0,0.4,0.02,0.07,0.0,0.0,0.04,0.08,0.0,0.09,0.0,0.0,0.06,0.0,0.0,0.0,0.01,0.04,0.05,0.02,0.08,0.0
106,0.0,0.0,0.0,0.0,0.03,0.0,0.0,0.0,0.020000000000000004,0.0,0.0,0.0,0.0,0.0,0.0,0.0,0.0,0.0,0.0,0.0,0.0,0.0
107,0.5208477181055158,0.0,0.28595560994028313,0.32680641136032357,0.0,0.1940413067451921,0.15319050532515166,0.26553020923026294,0.14297780497014156,0.0,0.0,0.0,0.010212700355010111,0.0,0.0,0.20425400710020225,0.183828606390182,0.091914303195091,0.040850801420040446,0.020425400710020223,0.0,0.0
108,0.57,0.21999999999999997,0.23,0.32999999999999996,0.27,0.0,0.81,0.15,0.0,0.0,0.0,0.17,0.02,0.21999999999999997,0.0,0.0,0.01,0.01,0.01,0.01,0.0,0.0
109,0.30260486126802255,0.2925180325590884,0.12104194450720901,0.18156291676081351,0.020173657417868168,0.12104194450720901,0.10086828708934086,0.11095511579827494,0.060520972253604505,0.0,0.0,0.0706078009625386,0.05043414354467043,0.0,0.0,0.0,0.010086828708934084,0.010086828708934084,0.0,0.0,0.010086828708934084,0.0
148,0.97,0.2800000000000001,0.61,0.5800000000000001,0.0,0.63,0.2800000000000001,0.35999999999999993,0.08999999999999998,0.0,0.62,0.44000000000000006,0.0,0.0,0.31999999999999995,0.67,0.55,0.55,0.5600000000000002,0.47,0.42999999999999994,0.0
174,0.0,0.0,3.608874928935049,0.0,3.0280269852278248,0.0,0.019044194875646698,0.49514906676681414,0.0,0.0,0.9236434514688647,0.0,0.37136180007511055,0.10474307181605684,0.0,2.3995685543314837,0.8665108668419247,0.5522816513937542,0.18091985131864363,0.14283146156735022,0.038088389751293396,0.0
115,96.90657092509788,18.296279133059052,43.97876017946404,39.977071272233495,0.0,39.47934877133417,53.833665697270604,30.291391404732696,88.06701930912591,10.979758369839029,35.44779651404968,53.027355245813695,29.853395603941294,58.21362370518463,37.10023521703542,53.52507774671304,52.917856295615856,46.36782818378079,25.88157004676471,47.18409308525567,0.0,39.31012312102841
144,0.0,0.16,0.08,0.01,0.0,0.04,0.06,0.03,0.0,0.0,0.38000000000000006,0.06,0.02,0.0,0.0,0.03,0.0,0.04,0.06,0.0,0.0,0.0
133,0.010000000000000002,1.12,0.0,0.0,0.0,0.0,0.0,0.0,0.0,0.0,0.0,0.0,0.0,0.0,0.0,0.0,0.0,0.0,0.0,0.0,0.0,0.0
94,1.3423292132027185,0.0,0.3068181058749071,0.07670452646872677,0.0,1.2272724234996284,0.0,0.37393456653504303,1.668323450694807,0.41228682976940634,0.047940329042954234,0.0,0.2588777768319529,0.7382810672614952,0.9492185150504938,1.006746909902039,1.188920160265265,0.15340905293745355,0.03835226323436339,0.07670452646872677,0.09588065808590847,0.009588065808590847
124,3.4653376478211433,0.6559328629039289,1.5668674218883,1.8047390405774737,0.08999999999999998,0.01157307337761895,1.2496442278146824,1.1903625565070863,1.7456436026345745,0.0,0.009497901599563138,0.1922381925372522,0.48697384095384105,0.5045528072127761,0.9419987496397844,0.0068241225778373805,0.2867177035122961,0.12586635098796542,0.09399071495779963,0.04441978338084935,0.09295652122965616,0.00638514393247942
80,0.21000000000000002,0.51,0.21000000000000002,0.3746782788647833,0.0,0.07052612744576237,0.00350870914858746,0.0,0.9540348365943498,0.0,0.061695697161958205,0.0,0.03,0.21818698801337078,0.38,0.0,0.0975435457429373,0.058186988013370744,0.0716956971619582,0.04116956971619582,0.04988268517532894,0.00116956971619582
46,0.0,0.0,0.0,0.35,0.0,0.16000000000000003,0.6899999999999998,0.59,0.0,0.0,0.8200000000000001,0.0,0.0,0.0,0.0,0.0,0.0,0.020000000000000004,0.03,0.020000000000000004,0.0,0.0
138,0.16998798000433235,0.11332532000288821,0.11332532000288821,0.12276909666979557,0.0,0.10388154333598085,0.09443776666907353,0.10388154333598085,0.056662660001444105,0.0,0.0,0.10388154333598085,0.04721888333453676,0.10388154333598085,0.0,0.0,0.0,0.04721888333453676,0.0,0.018887553333814703,0.0,0.0
118,10.683591223626888,0.0,6.209999999999999,6.279999999999999,0.0,8.124920820044444,6.03508349178145,5.604221331575315,6.161138947191513,8.11021554005153,3.5164092664380515,5.205156694063103,5.355925318020458,2.14597411954156,0.003721115984021387,0.003745516744572347,0.006433667198603097,0.0037129823971710674,2.263448640824535,1.4333388374020561,1.4651160261288512,0.0029606256135164695
119,33.668710380112586,0.0,0.0,0.0,0.0,12.19004774384687,12.593024528767426,10.457247568688471,27.593835347435185,0.5339442400197391,15.877285325869972,12.77436408198168,14.678429390731313,14.79932242620748,9.218093955057757,9.27854047279584,15.93773184360806,9.197945115811727,8.543107840315825,8.271098510494447,12.673619885751542,7.334177485554149
49,0.0,0.0,0.9000000000000001,0.58,0.23000000000000004,0.0,0.23000000000000004,0.22000000000000003,1.13,0.0,0.0,0.049999999999999996,0.03,0.07000000000000002,0.0,0.11000000000000001,0.09,0.04,0.049999999999999996,0.02,0.03,0.0
176,0.26,0.0,0.14,0.04,0.01,0.0,0.0,0.030000000000000002,0.0,0.0,0.0,0.0,0.02,0.0,0.0,0.0,0.04,0.04,0.08,0.08999999999999998,0.04,0.0
36,64.15,9.63,32.78,33.089999999999996,20.73,16.200000000000003,21.07999999999999,13.64,44.279999999999994,0.0,24.970000000000006,17.76,28.440000000000005,30.45000000000001,17.25,9.490000000000002,15.699999999999998,20.059999999999995,21.130000000000003,21.039999999999992,24.640000000000004,0.0
78,0.0,0.0,0.16,0.19,0.0,0.15000000000000002,0.0,0.049999999999999996,0.25,0.0,0.0,0.0,0.04,0.11,0.11,0.0,0.0,0.0,0.0,0.02,0.01,0.0
128,0.0,0.0,0.0,0.0,0.006423968227107451,0.0,0.0,0.0,0.0,0.0,0.0,0.0,0.0,0.0,0.0,0.0,0.0,0.0,0.0,0.0,0.0,0.0
76,0.28,0.0,0.06,0.07999999999999999,0.0,0.14,0.06,0.039999999999999994,0.009999999999999998,0.0,0.05,0.0,0.009999999999999998,0.05,0.07,0.0,0.0,0.0,0.0,0.0,0.039999999999999994,0.0
139,0.33,0.06,0.19,0.12,0.0,0.14,0.07,0.08000000000000002,0.0,0.0,0.12,0.12,0.15,0.14,0.0,0.12,0.12,0.18,0.0,0.09,0.010000000000000002,0.0
18,0.0,0.0,0.029968149687698363,0.009989383229232787,0.0,0.059936299375396726,0.049946916146163936,0.0,0.06992568260462953,0.0,0.6093523769832,0.039957532916931146,0.009989383229232787,0.009989383229232787,0.0,0.029968149687698363,0.939002023547882,0.0,0.0,0.0,0.0,0.0
177,0.0,0.01,0.0,0.0,0.01,0.0,0.0,0.0,0.0,0.0,0.0,0.0,0.0,0.0,0.0,0.0,0.0,0.0,0.0,0.0,0.0,0.0
113,0.0,0.0,0.374567942809667,0.19714102253140367,0.0,2.099551889959449,0.482995505201939,0.19714102253140367,2.286835861364282,0.0,1.8531256117951942,0.4731384540753687,0.12814166464541238,0.29571153379710546,2.7304031620599405,0.7885640901256147,0.4731384540753687,0.16756986915169314,0.06899935788599129,0.14785576689855273,0.08871346013913164,0.0
99,0.0,2.3365337755814566,1.39792619051882,1.4578373129696265,4.37351193890888,0.5192297279069903,0.0,0.139792619051882,0.4393482313059148,0.0,0.0,0.0,0.0,0.0,0.0,0.0,1.8672299830501382,1.9670818538014825,1.8772151701252726,1.7673781122987942,0.0,0.0
90,70.91,0.0,23.21,19.08,0.51,22.43,20.08,19.11,30.17,6.66,4.92,26.049999999999997,20.730000000000004,26.340000000000003,17.68,29.17,30.579999999999995,23.22,23.8,29.459999999999997,0.0,10.53
54,3.291409474263055,0.0,1.448546566496947,1.607082593793549,0.0,0.8833690648140219,0.14,0.8437996450209034,4.520817201173765,0.0,0.18939718771036562,0.0,0.0,0.6652636177243014,0.665177501682925,0.0,0.029741651875870977,0.00991388395862366,0.0,0.06956941979311831,0.00991388395862366,0.0
57,14.190821911829588,0.0,12.757451745478448,15.35693862286237,6.829393080127185,26.656338833905313,9.641764072831062,4.69394010075381,8.440378712631858,7.2148436302356656,0.0,3.5628554654247706,2.198636588291048,4.235406522862309,0.32046757291934985,0.0,8.042128154013833,6.611959436476248,7.313677104622457,9.151979728216748,5.781758251627211,4.230072703754609
23,0.0,0.0,0.228912474371729,0.2060212269345561,0.0,0.228912474371729,0.2861405929646612,0.26324934552748835,0.2861405929646612,0.0,0.228912474371729,0.2861405929646612,0.0,0.0,0.0,0.0,0.0,0.0,0.0,0.0,0.0,0.0
1,0.9996492057175557,0.3138433552834187,0.7904203021952767,0.732301162327977,0.0,0.8369156140891165,0.49982460285877783,0.23247655946919904,0.8485394420625765,0.0,0.0,0.5579437427260776,0.3370910112303386,0.41845780704455826,0.4649531189383981,0.0,0.22085273149573909,0.0697429678407597,0.15110976365497938,0.0697429678407597,0.05811913986729976,0.0
145,0.2535865873290435,0.4291465324029966,1.423986221155398,1.492259533128602,0.6242131380407223,0.6144598077588361,0.6339664683226087,0.6534731288863813,0.0,0.38037988099356523,0.3998865415573377,0.0,0.15605328451018058,0.0,0.0,0.0,0.4681598535305418,0.36087322042979264,0.18531327535583947,0.07802664225509029,0.09753330281886288,0.0
32,0.13,1.13,0.019999999999999997,0.019999999999999997,0.0,0.03,0.0,0.019999999999999997,0.06,0.0,0.0,0.03,0.03,0.0,0.019999999999999997,0.0,0.049999999999999996,0.019999999999999997,0.0,0.0,0.009999999999999998,0.0
114,2.4248242688633073,0.0045372519433571805,3.1875913999231074,1.1786957803112763,0.0003845128765556932,4.206394684918564,1.362168333818893,0.11315194485948449,0.12393112249892907,0.0,4.2064972216856455,3.3172308395204126,4.006328046072836,4.676476875477482,4.307528247670949,6.045062520501646,6.45540291594718,1.652670314186083,3.3495137058182536,3.4051924815360324,0.0011279044378967001,0.0
58,0.0,2.11,5.320000000000001,5.19,0.0,4.66,0.0,0.39,13.2,0.0,5.34,3.1599999999999997,5.39,3.8800000000000003,1.81,4.83,4.920000000000001,0.0,0.56,0.08000000000000002,0.05000000000000001,0.0
143,0.16927599390165987,0.09404221883425548,0.1974886595519365,0.34795620968674523,0.0,0.4325942066375752,0.33855198780331974,0.22570132520221312,0.1974886595519365,0.0,0.3761688753370219,0.32914776591989414,0.1786802157850854,0.29153087838619196,0.11285066260110656,0.0,0.0,0.15046755013480878,0.08463799695082994,0.0,0.10344644071768103,0.0
73,7.62,0.74,3.01,2.33,0.0,0.30000000000000004,0.15000000000000002,0.0,6.92,0.0,2.2,0.6100000000000001,3.32,2.75,0.72,0.0,1.38,1.1400000000000001,1.3099999999999998,2.1,1.6,0.32
17,3.79,0.0,1.46,1.39,0.0,1.4499999999999997,1.1700000000000002,1.4200000000000002,0.9099999999999999,0.0,1.13,1.1700000000000002,1.3200000000000003,1.39,0.0,1.6799999999999997,1.9899999999999998,1.94,0.0,0.14000000000000004,0.07000000000000002,0.0
39,6.806922766024214,0.5523187820045621,3.356298634010879,3.0966932612125637,0.011397985200631669,0.32000000000000006,2.347038907208703,2.629440250408282,3.649094604412143,0.95,1.17,2.0827959704012633,2.089522811603299,2.312055697203439,0.11777918040652725,0.0,0.9654603984019652,1.8351973136008424,2.6313979852006315,1.9637993284002107,2.2401315424005612,0.0
173,0.0,0.40930941711280844,0.3046023569211598,0.3046023569211598,0.0,0.0,0.019037647307572486,0.019037647307572486,0.0,0.0,0.704392950380182,0.3331588278825185,0.20941412038329738,0.0,0.0,1.1898529567232803,0.2855647096135873,0.16182000211436615,0.1332635311530074,0.1808576494219386,0.17133882576815238,0.0
126,0.0,0.0,0.0,0.0,0.01,0.0,0.0,0.0,0.01,0.0,0.0,0.0,0.0,0.01,0.0,0.0,0.0,0.0,0.0,0.0,0.02,0.0
130,0.0,0.0,0.0,0.0,0.0,0.0,0.0,0.0,0.0,0.0,0.0,0.0,0.0,0.0,0.006101507025141493,0.0,0.0,0.0,0.0,0.0,0.0,0.0
155,3.5924023721061142,0.0,7.5519839921899266,3.771030114365534,0.0,1.597725916875924,1.9351338744770505,0.0,7.889391949791053,0.0,0.0,0.0,0.06946634421199668,0.13893268842399337,0.0,4.951957965969478,1.4984882822873569,0.6847396786611102,0.18855150571827672,0.06946634421199668,7.293966142259651,6.222199688703132
35,207.6424881365349,0.0,84.40036438937616,83.29088541646992,44.429135446562896,55.70384068474579,85.38989968953588,83.34086194678099,113.35676605162426,24.028715773574177,75.45456546369029,93.2562055605021,78.91294136121799,88.86826619918801,60.20172841274427,95.77502268818125,84.35038785906508,89.08816293255684,90.98727108437843,85.58980581078022,95.23527616082147,85.40989030166028
121,15.309999999999999,3.7200000000000006,15.949999999999998,17.13,0.0,8.030000000000001,19.9,10.9,0.0,0.0,11.830000000000002,0.0,19.8,16.410000000000004,9.95,0.0,0.0,5.37,9.5,12.449999999999996,11.420000000000002,7.72
147,2.3896693217469083,0.8724189587329982,1.242248734717639,1.2801799937929867,0.028448444306510813,1.3181112528683343,1.081040883647411,1.0051783654967155,0.0,0.0,1.0620752541097371,0.5689688861302162,0.4362094793664991,0.5879345156678901,0.0,2.9491553931082874,2.247427100214354,1.1569034017981064,1.2232831051799649,1.2232831051799649,1.4698362891697254,0.0
81,0.0,0.0,0.0,0.04000000000000001,0.010000000000000002,0.09,0.03,0.060000000000000005,0.2,0.0,0.1,0.020000000000000004,0.020000000000000004,0.07,0.01,0.19999999999999998,0.17,0.08000000000000002,0.13,0.019999999999999997,0.18000000000000002,0.010000000000000002
21,1.211422935947223,0.0,0.21355090506966987,0.09603568064532036,0.0,0.38000000000000006,0.3717754525348349,0.19000000000000003,0.29171741474783164,0.0,0.31,0.19000000000000003,0.012011893548440128,0.17,0.4896460534571909,0.0,0.029171741474783165,0.05147954377902911,0.025739771889514554,0.00514795437790291,0.02,0.0
153,1.232329302527452,0.0,1.084449786224158,0.6945856068791094,0.0,0.6228864474593303,0.004481197463736189,0.3226462173890057,0.8335027282549312,0.0,0.0,0.0,0.33160861231647804,0.4167513641274656,0.0,1.5504943224527217,1.680449048901071,1.4922387554241514,1.3891712137582188,1.2861036720922865,1.2412916974549246,0.0
172,11.01033104434205,0.0,3.6934126360385506,3.6584592041517503,0.19806944735853427,0.15146487150946736,2.6331585354722784,0.7922777894341371,0.0,0.0,1.5262998590569405,0.0,0.0,1.2583235479248058,0.0,0.0,0.10486029566040049,0.0,0.09320915169813376,0.0,0.0,0.0
28,0.0,0.96,3.1799999999999997,1.83,0.0,2.34,0.0,0.5,0.0,0.0,0.4600000000000001,0.97,0.73,0.31,0.0,3.2,1.2199999999999998,0.42,0.2,1.33,0.87,0.0
160,35.79783283680163,9.801192858750323,18.543337355596936,12.528741941766464,0.0,9.04187516530993,1.4886623200344524,0.0,0.0,0.0,13.677709504209162,3.2271001971216653,0.8292548494151647,0.3496857798738646,0.0,30.07297706915236,28.464422481732583,0.0,0.7693087157225023,0.39964089128441677,0.43960498041285845,0.0
140,0.03,0.01,0.03,0.02,0.0,0.02,0.01,0.01,0.02,0.0,0.04,0.01,0.02,0.03,0.01,0.0,0.01,0.01,0.0,0.01,0.0,0.0
170,0.0,0.0061524581774731555,0.1507352253480923,0.0830581853958876,0.06152458177473155,0.0,0.03999097815357551,0.03691474906483892,0.0,0.08613441448462417,0.0,0.030762290887365776,0.08921064357336074,0.06152458177473155,0.0,0.2707081598088188,0.2737843888975554,0.0,0.0,0.0,0.012304916354946311,0.0
77,1.0,0.06,0.25,0.0,0.0,0.3,0.15,0.0,0.26,0.0,0.36,0.13,0.25,0.21,0.22000000000000003,0.0,0.22000000000000003,0.049999999999999996,0.14,0.08,0.07,0.049999999999999996
45,0.64,0.7799999999999998,7.434364734875315,7.164368199571473,0.24,5.248807639454799,5.650049478940567,7.689265290397019,1.13,0.0,1.3699999999999999,0.05,0.12000000000000001,0.32,0.0,0.31000000000000005,0.27999999999999997,0.7,1.65,4.0314016435902715,4.306586187165055,1.55
60,67.07999999999997,4.23,42.23,25.529999999999998,0.01,22.38,1.7100000000000004,0.73,45.26999999999998,0.0,0.9499999999999998,1.3,1.05,40.76,8.900000000000002,0.51,22.05999999999999,1.01,0.0,0.01,0.01,0.0
61,2.76,0.0,0.9099999999999999,0.81,0.0,0.9200000000000002,1.07,0.7299999999999999,0.32,0.0,0.95,1.07,1.0500000000000003,1.0500000000000003,1.04,0.0,0.72,0.54,0.0,0.01,0.01,0.0
59,0.6899259857754285,0.0,0.09077973497045112,0.0726237879763609,0.009077973497045113,0.0,0.009077973497045113,0.0,0.0,0.0,0.0,0.009077973497045113,0.0,0.0,0.0,0.46297664834930063,0.43574272785816537,0.4266647543611202,0.0,0.0,0.0,0.0
29,1.1,0.5,0.56,0.69,0.0,0.49,0.29,0.38,0.29,0.0,0.0,0.22999999999999998,0.33,0.22999999999999998,0.22999999999999998,0.0,0.11999999999999998,0.07,0.08,0.029999999999999995,0.029999999999999995,0.0
69,0.0,0.0,0.35967030369573344,0.28973441131045197,0.0,0.22978936069449643,0.2197985189251705,0.2597618860024742,0.2397802024638223,0.0,0.3197069366184298,0.0,0.05994505061595558,0.2397802024638223,0.20980767715584456,0.0,0.04995420884662966,0.0,0.039963367077303726,0.06993589238528153,0.04995420884662966,0.0
165,0.25560407356029763,0.0,0.015975254597518602,0.05591339109131512,0.0,0.0,0.0,0.031950509195037204,0.007987627298759301,0.0,0.0,0.0,0.031950509195037204,0.0,0.0,0.0,0.0,0.0,0.0,0.0,0.0,0.0
75,0.1577118396569894,0.0,0.04205649057519717,0.10514122643799294,0.0,0.03154236793139788,0.0,0.021028245287598585,0.1261694717255915,0.0,0.021028245287598585,0.0,0.021028245287598585,0.021028245287598585,0.03154236793139788,0.0,0.0,0.0,0.07359885850659506,0.0,0.10514122643799294,0.0
168,0.35999999999999993,0.04,0.2,0.17999999999999997,0.0,0.15,0.0,0.16,0.61,0.0,0.08999999999999998,0.0,0.19,0.21000000000000002,0.13,0.0,0.0,0.01,0.0,0.01,0.0,0.0
178,0.0,0.0,0.3720278259967756,0.42097885573319344,0.2839159724712234,0.0,0.362237620049492,0.15664329515653708,0.0,0.0,0.30349638436579063,0.5580417389951633,0.11748247136740281,0.4503494735750442,0.009790205947283567,0.0,0.04895102973641784,0.029370617841850702,0.03916082378913427,0.058741235683701404,0.11748247136740281,0.0
101,17.567775535863035,0.0,0.0,0.7547489772332336,0.0,5.442137362155422,3.12823589247985,1.4300506937050743,11.946881836994473,0.0,1.3406725253485072,0.0,1.261225264587114,0.6455089936863183,2.522450529174228,0.0,0.9632980367318904,0.5362690101394029,0.2482726898793532,0.14896361392761193,0.1886872443083084,0.0
156,26.132056936246286,0.0,5.038468514104105,2.769158290489756,0.019993922675016287,0.349893646812785,0.18994226541265474,0.16994834273763845,0.04998480668754072,0.0,0.26991795611271985,0.21993314942517916,0.019993922675016287,0.009996961337508143,0.0,25.95211163217114,27.46165279413487,0.0,0.0,0.6398055256005212,3.2090245893401144,0.0
166,1.5962275296251596,0.0,0.20314640272871093,0.04570205504586239,0.0037021103006645113,0.7713401550521701,0.3042449881322943,0.06795477427198664,0.004575401153064388,0.003911057191729513,0.0,0.36635996467964366,0.1133237228443169,0.4601677738391822,0.43001257604072785,0.0,0.013703838515962824,0.0035842428236534853,0.003964633317643616,0.0049611492596459295,0.0031342033659750197,0.0022930581891236045
146,0.43999999999999995,0.54,0.73,0.65,0.0,0.7599999999999999,0.64,0.41,1.08,0.66,0.14,0.0,0.37999999999999995,0.39,0.21999999999999997,0.0,0.04,0.02,0.03,0.03,0.04,0.01
19,0.41,0.0,0.02,0.04,0.0,0.27,0.28,0.13,0.04,0.0,0.28,0.24999999999999997,0.13,0.0,0.24999999999999997,0.0,0.56,0.0,0.0,0.0,0.0,0.0
22,3.33,0.0,0.72,0.21000000000000002,0.0,0.0,0.36,0.0,1.6999999999999997,0.0,0.0,0.0,0.07,0.0,1.2800000000000002,0.0,0.16999999999999998,0.3,0.15,0.03,0.0,0.0
62,2.7427075827407963,0.01659461780776357,0.7245632183471113,0.5320850761474339,0.1659461780776357,2.8818304311406924,0.1078650157504632,0.1790664773608074,5.236981507624637,0.23232464930869,3.617194058397283,0.6891512142097911,0.24062195821257176,0.1659461780776357,0.04968673157139125,3.8504899262249674,4.564338823442605,0.0,0.3676818136282952,0.11924815577133899,0.1425000450725879,0.029812038942834747
167,0.5602224318637008,0.0,0.05795404467555526,0.06761305212148114,0.0,0.05795404467555526,0.11590808935111052,0.05795404467555526,0.07727205956740701,0.0,0.0,0.0,0.09659007445925877,0.06761305212148114,0.09659007445925877,0.0,0.0,0.0,0.0,0.0,0.0,0.0
135,0.0,0.84,0.01,0.0,0.0,0.19,0.0,0.0,0.13,0.0,0.0,0.0,0.0,0.01,0.01,0.0,0.03,0.03,0.02,0.05,0.0,0.0
4,2.91086283754466,0.28615261792811914,0.8683251854370513,0.7400498739520323,0.0,0.0,0.02960199495808129,0.05920398991616258,1.4307630896405958,0.0,0.0,0.06907132156885634,0.37495860280236304,0.6019072308143196,0.2565506229700379,0.0,0.0,0.0,0.0,0.02960199495808129,0.02960199495808129,0.0
125,11.569517739487376,4.475286133401014,12.723459231283602,11.117975416610589,0.0,8.729818242284487,7.274848535237075,7.816699322689215,11.800306037846621,0.0,7.164471522978304,9.231531934369803,12.803733422017253,10.977495582826702,9.050915005219089,5.147582480795336,5.067308290061686,4.425114764192483,3.0102821525118926,10.87715284440964,9.773382721821944,4.8164514440190285
137,0.11,0.05,0.1,0.11,0.0,0.15,0.060000000000000005,0.060000000000000005,0.32999999999999996,0.0,0.14,0.1,0.08,0.05,0.0,0.0,0.15,0.12000000000000001,0.15,0.12000000000000001,0.0,0.0
63,0.9393656391941727,0.0,1.7304103879892656,1.6611939724696945,0.0,4.251865524773624,1.6216417350299401,1.4041044291112894,11.064738423771361,0.0,7.425932579313933,10.392350387295531,7.475372876113626,7.14906691723565,5.586753538365343,5.013246095488901,1.7304103879892656,0.7317163926354608,1.10746264831313,1.0283581734336207,0.7613805707152766,0.0
154,0.0,0.0,0.0,0.3,0.0,0.0,0.0,0.0,0.4699999999999999,0.0,0.34,0.0,0.11,0.44,0.0,0.0,1.54,0.0,0.43,0.20999999999999996,0.2,0.0
51,0.0,0.54,0.0,0.0,0.0,2.35,0.0,0.07,0.0,0.0,5.82,3.2799999999999994,7.83,5.38,4.0600000000000005,0.0,0.58,0.0,5.54,5.43,7.140000000000001,6.52
8,69.91000000000001,0.057354926737533105,27.070000000000004,18.74,0.0,0.24960014413556078,15.95,33.807434897910404,49.74,1.3200000000000003,3.5281586548378563,31.658378073516868,35.44164643769424,44.44142501082949,5.701224078804415,32.60999999999999,28.831603439829202,33.50000000000001,0.588419063196173,7.826735652194084,0.7583595868629377,16.232507633942067
6,10.809999999999997,0.12000000000000001,5.37,4.870000000000001,0.0,5.0100000000000025,3.9100000000000006,4.08,5.7299999999999995,1.9699999999999995,4.559999999999999,3.9499999999999997,3.150000000000001,3.62,0.22,6.49,9.269999999999994,6.14,6.019999999999999,5.739999999999998,5.500000000000003,0.0
5,0.28559257324496673,0.11817623720481382,0.14772029650601728,0.009848019767067819,0.0,0.20680841510842418,0.14772029650601728,0.16741633604015294,0.29544059301203457,0.11817623720481382,0.1969603953413564,0.11817623720481382,0.17726435580722075,0.17726435580722075,0.21665643487549205,0.22650445464255983,0.22650445464255983,0.21665643487549205,0.21665643487549205,0.21665643487549205,0.21665643487549205,0.0
161,0.0,1.0780680483874967,2.044261110621574,2.227329269781715,0.6712499169205169,2.2069883632083656,1.9323861244681544,1.4035225535610805,3.3053973181692116,0.7221021833538892,1.9832383909015268,1.6577838857279428,1.2509657542609631,2.3697156157951578,0.0,1.2001134878275908,0.7831249030739363,0.5390340241937484,0.34579541174693296,0.16272725258679197,0.12204543944009394,0.020340906573348996
7,0.0,0.6800000000000002,1.14,1.09,0.17000000000000004,1.09,0.91,0.93,1.19,0.6399999999999999,0.8400000000000001,0.66,0.6399999999999999,0.63,0.0,0.0,0.43,0.31999999999999995,0.33,0.15999999999999998,0.039999999999999994,0.03
33,1.77,0.26,0.77,0.71,0.0,0.36,0.0,2.82,0.0,0.0,0.9899999999999999,0.6699999999999999,0.7,0.5700000000000001,0.0,0.27,0.33,0.28,0.25,0.16,0.15,0.0
112,1.6808310730263922,0.0,2.1438144823630036,2.053230771840623,0.0,2.2645927630595106,1.560052792329885,1.3084313742121618,2.9892624472385543,0.0,0.0,0.0,0.0,1.399015084734542,1.6305067894028478,0.0,0.04025942689883574,0.04025942689883574,0.10064856724708937,0.15097285087063403,0.08051885379767149,0.0
120,6.91,1.1899999999999997,3.8400000000000003,3.3,0.0,2.8799999999999994,3.69,3.7300000000000004,3.9499999999999997,1.03,3.6800000000000006,3.54,3.63,3.69,2.5999999999999996,2.1900000000000004,1.8999999999999997,1.77,1.58,0.0,1.05,0.060000000000000005
31,0.0,1.64,0.29,0.3,0.0,0.33,0.0,0.0,0.08,0.0,0.03,0.0,0.0,0.06,0.0,0.0,0.14,0.11,0.06,0.15,0.02,0.0
27,0.86375793694699,0.2495300706735749,0.86375793694699,0.604630555862893,0.028791931231566332,0.27832200190514117,0.3071139331367075,0.21114082903148645,0.0,0.0,0.3934897268314065,0.259127381084097,0.19194620821044223,0.086375793694699,0.0,0.3359058643682739,0.345503174778796,0.20154351862096428,0.028791931231566332,0.0,0.028791931231566332,0.0
132,0.02235267229298387,0.0,0.0,0.0,0.08941068917193548,0.0,0.011176336146491935,0.03352900843947581,0.011176336146491935,0.0,0.0,0.0,0.06705801687895162,0.0,0.011176336146491935,0.0,0.0,0.011176336146491935,0.0,0.011176336146491935,0.0,0.0
134,0.020000000000000004,0.65,0.0,0.0,0.0,0.0,0.0,0.0,0.0,0.0,0.0,0.0,0.0,0.0,0.0,0.0,0.0,0.0,0.0,0.0,0.0,0.0
127,0.0,0.0,0.0,0.009999999999999998,0.0,0.0,0.0,0.0,0.03,0.0,0.0,0.009999999999999998,0.019999999999999997,0.0,0.0,0.009999999999999998,0.0,0.0,0.009999999999999998,0.019999999999999997,0.0,0.0
83,1.9900000000000002,0.43,0.8,1.13,0.08,0.98,0.8400000000000001,0.5670947435267257,1.0,0.0,0.49,0.79,0.615698247842242,0.36,0.01,0.0,0.825585982737935,0.2956982478422419,0.3770947435267257,0.1656982478422419,0.3127929913689675,0.0
149,0.0,0.30360695866106757,0.4309260058415152,0.41133846012144637,0.0,0.33298827724117086,0.3819571415413431,0.13711282004048214,0.07835018288027551,0.0,0.029381318580103313,0.058762637160206625,0.0,0.039175091440137755,0.0,0.3819571415413431,0.30360695866106757,0.0,0.019587545720068877,0.41133846012144637,0.48968864300172193,0.0
88,13.000000000000002,0.0,0.71,1.32,0.0,3.69,0.0,3.2100000000000004,3.63,0.0,4.86,4.49,2.32,5.33,4.22,0.0,0.0,0.12,0.54,0.3,0.56,0.0
26,0.0,0.0,1.7228485082040328,1.5137166083642366,0.6771890090050533,2.0813603365008255,1.2348740752445089,1.5336339321585033,2.3602028696205535,0.5776023900337219,0.0,0.0,0.6971063327993196,1.1651634419645769,0.38838781398819233,0.4083051377824585,0.8265689374620503,0.9261555564333817,1.0357008373018464,0.806651613667784,0.0,0.0
142,0.12,0.04000000000000001,0.09,0.08000000000000002,0.020000000000000004,0.03,0.04000000000000001,0.03,0.0,0.0,0.07,0.020000000000000004,0.020000000000000004,0.010000000000000002,0.0,0.16000000000000003,0.020000000000000004,0.020000000000000004,0.010000000000000002,0.010000000000000002,0.010000000000000002,0.0
48,0.38,0.09,0.31,0.33,0.0,0.0,0.07,2.75,0.0,0.0,0.55,0.0,0.07,0.16,0.0,0.2,0.0,0.03,0.1,0.03,0.09,0.0
91,15.1142006590596,5.985184367593186,6.302382088638125,6.772607495924785,0.01516905546499523,11.172832903211447,4.29642410766982,5.605973293096499,13.66,0.0,0.5663114040264886,3.3633811092999046,7.252592183796592,13.493493812943235,10.809999999999999,19.29252541653784,19.55835538173462,13.596874922243138,12.212269384994794,12.732269384994794,11.613734532358087,7.51
96,0.0,0.04734926535132152,0.3314448574592507,0.340914710529515,0.0,0.0,0.0,0.028409559210792915,0.1704573552647575,0.028409559210792915,0.0,0.07575882456211444,0.01893970614052861,0.05681911842158583,0.04734926535132152,0.0,0.0,0.009469853070264305,0.009469853070264305,0.0,0.01893970614052861,0.0
157,14.143489436962462,0.0,18.40550072107183,9.701814913710312,0.0,10.41048657921796,2.8845931173480253,0.0,0.0,0.0,3.134125393935225,0.0,10.739869184313063,11.418596976630244,10.919532423455848,8.214602545250605,0.0,5.08047715131538,0.0,2.265753071411771,2.145977578649915,0.0
85,0.15999999999999998,0.69,0.1,0.15999999999999998,0.0,0.14,0.05,0.05,0.13,0.0,0.07,0.019999999999999997,0.10999999999999999,0.12,0.0,0.0,0.25,0.039999999999999994,0.05,0.039999999999999994,0.009999999999999998,0.0
117,2.31,0.32,0.6499999999999999,0.61,0.0,0.78,0.0,0.43,2.25,0.0,0.0,0.21000000000000002,0.27999999999999997,0.54,0.76,0.0,0.95,0.01,0.1,0.11999999999999998,0.16,0.0
13,0.0,0.0,0.44,0.57,1.3199999999999998,0.0,0.18,0.44999999999999996,0.98,0.64,0.0,0.11,0.03,0.16999999999999998,0.0,5.72,0.02,0.04,0.02,0.02,0.01,0.0
64,8.406557015600052,0.0,4.143231671974311,3.9430755525552628,0.0,3.19249010473383,0.0,0.0,7.075518821463378,0.0,3.0023417912857333,0.0,2.7021076121571603,2.411881238999539,2.6220451643895406,3.7829506570200238,4.853785895911935,2.892255925605257,2.011569000161441,1.2109445224852458,0.8206400896181003,0.010007805970952445
162,0.0,22.323600049946005,37.3592894700619,31.500968991213558,0.24992834807373496,32.25075403543476,15.015695152269995,21.713774880646092,37.919128969747064,8.82746925396432,22.993408022783616,12.856314224912923,0.0,22.603519799788586,13.396159456752194,14.035976027820952,23.053390826321312,0.0,18.47470348961049,20.89400989896424,18.724631837684225,0.0
122,2.1200000000000006,0.24,0.6399999999999999,1.17,0.0,0.7600000000000001,0.84,0.5799999999999998,1.13,0.15999999999999998,0.65,0.86,0.59,0.8100000000000002,0.0,0.0,0.0,0.06,0.24,0.019999999999999997,0.27,0.0
87,0.7,0.0,0.26,0.25,0.0,0.49,0.19999999999999998,0.25,0.16,0.0,0.45000000000000007,0.3400000000000001,0.52,0.38,0.36000000000000004,0.0,0.27,0.0,0.09999999999999999,0.0,0.0,0.0
72,0.8900000000000001,0.41,0.25,0.6224817516096317,0.0,0.56,0.51,0.02,0.5574452548288952,0.0,0.0,0.06248175160963174,0.004963503219263483,0.5,0.0,0.0024817516096317417,1.7899999999999998,0.0,0.28248175160963174,0.19496350321926348,0.39000000000000007,0.0
129,0.07,0.05000000000000001,0.05000000000000001,0.05000000000000001,0.0,0.06,0.0,0.0,0.14,0.0,0.05000000000000001,0.0,0.0,0.039999999999999994,0.05000000000000001,0.0,0.009999999999999998,0.0,0.009999999999999998,0.0,0.0,0.0
141,0.02,0.0,0.01,0.01,0.01,0.0,0.01,0.01,0.0,0.0,0.01,0.01,0.0,0.01,0.0,0.14,0.01,0.0,0.0,0.0,0.01,0.0
169,0.284942159227796,0.01726922177138157,0.12088455239967101,0.06907688708552628,0.1813268285995065,0.0,0.12951916328536178,0.14678838505674338,0.08634610885690785,0.10361533062828943,0.0,0.008634610885690785,0.0,0.0,0.0,0.05180766531414471,0.03453844354276314,0.008634610885690785,0.0,0.0,0.0,0.0
2,0.37,0.0,0.29,0.20999999999999996,0.0,0.32,0.0,0.02,1.17,0.0,0.31000000000000005,0.0,0.049999999999999996,0.10999999999999999,0.18,0.0,0.0,0.0,0.0,0.0,0.01,0.0
55,65.53150290832129,0.0,66.77115300147639,0.0,30.73132569644235,48.39633952390287,69.64034313644026,46.106985722834125,93.93348609101247,0.0,51.035594560942805,35.769903494427695,48.4363282365853,52.2252587632449,0.0,45.80707037771597,0.0,45.45716914174475,0.0,0.0,0.0,50.57572436509494
14,0.9416147940522468,0.0,0.11413512655178748,0.09511260545982292,0.0,0.12364638709776977,0.1331576476437521,0.21875899255759268,0.16169142928169894,0.0,0.06657882382187605,0.12364638709776977,0.21875899255759268,0.16169142928169894,0.0,0.22827025310357496,0.0,0.019022521091964582,0.02853378163794687,0.02853378163794687,0.0,0.0
95,1.1144496641777948,3.4009929406805117,7.426461986288236,7.09020562209666,0.2882197407356365,7.753111025788624,3.256883070312693,0.0,8.079760065289012,0.0,7.829969623318125,5.649106918418477,6.215939075198561,6.715519959140332,5.81243143816867,7.714681727023871,4.304081461652173,1.9022502888552013,1.5756012493548133,0.9030885209716611,0.8454445728245339,0.0
158,16.73927345327118,0.0,2.648302964248874,2.5383734072423167,0.0,6.875594110955566,6.136068000184183,5.626394599517418,5.2366443519487165,0.0,6.625754208667937,6.685715785216968,5.93619607835408,5.886228097896553,0.06995517264053629,17.668677889781165,11.442667524773434,0.0,0.0,0.0,0.0,0.0
104,4.28,0.0,0.0,0.6800000000000002,0.0,1.6799999999999997,0.0,1.8,0.0,0.0,3.59,4.36,4.44,3.9399999999999995,3.7,0.0,0.0,0.05,0.69,0.9399999999999998,1.03,0.83
38,0.0,0.0,0.9,0.96,0.0,1.0,0.27,0.9,0.9400000000000001,0.31,0.99,0.08,0.8699999999999998,0.63,0.8199999999999998,0.0,0.12,0.1,0.04,0.06,0.03,0.0
136,0.0,0.04,0.0,0.01,0.0,0.02,0.04,0.01,0.030000000000000002,0.0,0.060000000000000005,0.04,0.02,0.04,0.02,0.0,0.0,0.0,0.0,0.0,0.0,0.0
12,12.910000000000002,2.2799999999999994,4.68,4.52,0.0,3.5,0.86,0.26999999999999996,0.0,0.0,0.0,2.15,3.9699999999999998,3.6199999999999997,2.9600000000000004,2.57,0.5100000000000001,0.0,0.03,0.02,0.0,0.0
86,2.220278881824128,0.6436870694225687,1.2116757198381343,1.0073741388451374,0.0,0.9986031619859935,0.42430158099299686,0.7149160925634249,1.29,0.0,0.3773741388451375,0.5973741388451373,0.5892176735564217,0.7586031619859936,0.5700000000000001,0.007374138845137395,0.5073741388451374,0.33106120826770613,0.2,0.10553060413385305,0.08061451157042812,0.0
67,1.7800497797992543,0.6542885677099962,0.8659701631455832,0.7505074747261722,0.0,0.7408855840245545,0.028865672104852774,0.0,1.789671670500872,0.0,0.0,0.0,0.4329850815727916,0.5195820978873499,0.06735323491132314,0.0,0.2886567210485277,0.2309253768388222,0.4041194094679388,0.31752239315338054,0.16357214192749905,0.0
37,25.27,6.62,10.950000000000001,9.92,0.0,6.1899999999999995,6.130000000000001,5.670000000000001,10.16,0.0,7.13,2.500000000000001,6.4,9.01,3.7,0.0,6.419999999999999,3.7600000000000002,4.39,4.259999999999999,6.36,3.0400000000000005
34,1.7699999999999998,0.3333109533692828,151.9061389512368,154.56148373407729,124.5258277383423,148.59148373407723,98.85472495230296,197.0665870391668,166.1907941683962,54.05958677964166,166.58820764827968,163.7014488665055,163.1695867796416,154.42865573620986,125.0,134.70999999999998,113.98003486757176,130.30979338982078,128.48072443325273,133.39489669491041,140.62372417372757,122.6727931302957
171,0.02,0.02,0.02,0.03,0.0,0.0,0.01,0.0,0.0,0.0,0.0,0.0,0.0,0.0,0.0,0.0,0.0,0.0,0.0,0.0,0.0,0.0
71,91.78,27.967345983405195,111.91545762876228,76.3185037238691,2.264753481886949,100.08656560649395,110.77925497823752,82.37719986056939,204.78626355084944,52.550976262479296,94.59352032888486,141.49878125458133,104.17127147076593,124.28035232849857,102.17946721376046,120.82946476126722,102.68232365590525,129.78250676888533,110.74665593673737,116.32454502647684,124.02723930320693,95.72506636774801
70,25.27214436852145,41.667672720387166,126.61007321126645,111.18009138194789,3.2238434191198473,92.31211523881879,109.5511695796815,78.19028108236539,216.37676445458052,44.519588179150915,92.44982123138062,139.8874969682175,98.31807326596628,128.87478961928255,101.67860337278961,117.49757575302387,104.94272554902956,129.2273951068887,108.00696526145568,123.03462178617757,119.74619258248597,90.78008505441916
20,0.0,0.0,0.12689518216571727,0.1536099573584999,0.0,0.16696734495489118,0.0,0.0,0.0,0.006678693798195646,0.006678693798195646,0.0,0.0,0.006678693798195646,0.07346563178015211,0.046750856587369535,0.026714775192782585,0.0,0.046750856587369535,0.026714775192782585,0.040072162789173874,0.026714775192782585
180,0.0,0.0,0.0,0.039999999999999994,0.0,0.0,0.0,0.0,0.019999999999999997,0.0,0.0,0.0,0.0,0.009999999999999998,0.0,0.0,0.0,0.0,0.0,0.0,0.0,0.0
181,0.44,0.0,0.0,0.0,0.0,0.0,0.0,0.0,0.0,0.0,0.0,0.0,0.0,0.0,0.010000000000000002,0.0,0.0,0.0,0.0,0.0,0.0,0.0
150,2.2744294650472403,0.7581431550157467,1.17331678752437,0.9657299712700584,0.0,0.36102055000749844,0.7671686687659341,0.0,1.1372147325236202,0.0,0.9025513750187462,0.5956839075123725,0.469326715009748,0.36102055000749844,0.0,0.0,0.7310666137651844,0.0,0.054153082501124765,0.0,0.0,0.0
100,70.00770810272083,0.0,0.0,31.399397175161386,4.388004600599847,28.213585615821778,20.777903063114337,30.530636883689944,41.69606198104237,0.0,0.002829663442226029,35.255611313381365,21.869895075592385,24.614902519803245,6.561970350212097,41.645970604323196,32.69659215224399,22.84650524167225,22.60323696997798,29.191017651058246,28.041152687394906,0.0
10,4.433372712193376,0.0,7.7913735536945365,4.981203665187522,0.6087010588823856,3.7435115121266715,1.0145017648039762,1.1362419765804534,1.8666832472393162,0.6898612000667038,2.4652392884736622,2.008713494311873,2.98263518852369,3.946411865087467,3.1348104532442864,0.0,4.372502606305137,3.713076459182553,0.0,0.28406049414511336,0.31449554708923255,0.0
11,0.65,0.0,0.030860097584943007,0.04417201951698861,0.05,0.0,0.0083440390339772,0.020000000000000004,0.06,0.026258029275482903,0.0,0.0083440390339772,0.020000000000000004,0.06,0.020000000000000004,0.0,0.0,0.0020860097584943,0.0020860097584943,0.05043004879247151,0.0,0.0
89,0.0,1.59,3.51,3.36,0.68,2.94,1.28,0.62,0.31,0.0,2.88,1.33,1.52,2.78,3.2,1.59,2.56,2.3099999999999996,2.47,2.48,0.0,0.0
30,0.0,0.0,0.03,0.01,0.0,0.01,0.0,0.0,0.01,0.0,0.0,0.0,0.0,0.0,0.0,0.02,0.01,0.01,0.0,0.0,0.0,0.0
103,2.13,0.0,0.66,0.65,0.0,0.0,0.52,0.0,0.9799999999999999,0.0,0.0,0.13,0.11,0.19,0.34,0.0,0.0,0.20999999999999996,0.18000000000000002,0.11,0.05000000000000001,0.0
52,6.075654133371864,0.2597996586306178,0.0,2.7978424775604998,0.0,4.916208924856307,0.0,5.4757774203684075,11.720961522065952,0.0,0.0,0.0,0.0,0.0,0.010000000000000002,0.0,0.7194452085155572,0.28977654231876604,0.18985359669160534,0.009992294562716072,0.07993835650172858,0.0
65,0.6599999999999999,0.0,0.7000000000000002,0.8200000000000001,0.0,0.7599999999999999,0.27,0.26,0.3500000000000001,0.0,0.72,0.0,0.15999999999999998,0.07999999999999999,0.0,0.8799999999999999,1.7299999999999998,0.0,0.15999999999999998,0.22999999999999998,0.030000000000000002,0.0
131,0.0,0.0,0.0,0.0,0.0,0.0,0.0,0.03,0.0,0.0,0.0,0.0,0.01,0.0,0.0,0.0,0.08,0.01,0.03,0.01,0.04,0.0
163,0.0,1.4509015867629613,0.7758293206996392,0.5541638004997423,0.0,0.2619683420544236,0.21158981473626523,0.22166552019989688,0.4937095677179522,0.0,0.0,0.3324982802998454,0.29219545844531863,0.2720440475180553,0.0,0.0,0.2720440475180553,0.35264969122710865,0.16121128741810684,0.21158981473626523,0.0,0.0
66,2.5,0.0,1.03,1.15,0.0,1.04,0.7099999999999999,0.5500000000000002,0.94,0.0,0.0,0.0,0.08,0.27,0.0,0.16,0.93,0.0,0.11,0.11,0.06999999999999999,0.02
9,0.03360308680475562,0.0,0.1004462739011725,0.022053742931897137,0.002584852831135048,0.0,0.039971721333978194,0.0010339411324540191,0.0031018233973620574,0.03101273213293767,0.0,0.039971721333978194,0.0010339411324540191,0.0031018233973620574,0.0010339411324540191,0.0,0.0,0.009992930333494549,0.009992930333494549,0.05203253393238079,0.0,0.0
175,0.0,0.0,0.2511296527923099,0.22215315439319727,0.05795299679822537,0.0,0.009658832799704229,0.07727066239763383,0.16420015759497192,0.0,0.0,0.0,0.0,0.028976498399112684,0.0,0.0,0.0,0.009658832799704229,0.04829416399852115,0.0676118295979296,0.05795299679822537,0.0
56,0.38970425517376234,41.06883304523495,0.0,0.589552591160307,0.0,67.32890439386694,51.880628022107025,43.5069827442708,52.70000619965186,19.61511417707937,0.0,0.0,0.0,0.0,0.0,0.0,0.0,0.0,0.0,0.0,2.827853954209609,0.0
79,0.05945963133363685,0.009909938555606141,0.029729815666818427,0.029729815666818427,0.0,0.0,0.0,0.019819877111212282,0.049549692778030716,0.0,0.0,0.0,0.0,0.0,0.0,0.0,0.0,0.0,0.0,0.0,0.0,0.0
98,11.97199260362465,1.7870520484698336,17.833941370802528,12.648346811847782,0.0,3.8863953611031783,0.014607788524937534,0.0,38.52644611757032,0.0,9.130835238347172,0.0,4.397223459326945,0.05782460232708836,0.41470441916770534,28.963888640827985,0.0,7.673112648088313,0.0,4.184589894461476,0.01086738592685664,0.0
24,1.9630321995221098,0.0,0.0,0.9104940830798566,0.12304065589448829,0.8211631959235842,0.5826171696921659,0.9261975534559163,1.1691671457371238,0.0,0.04014305271126611,1.1488302643537627,0.6132368762960455,0.6902075149149719,0.18399915436276218,1.1677625720396982,1.1572021964681007,0.8509557180207653,0.804070711561856,0.9286980310761747,0.7862803558188874,0.0
84,0.25,0.0,0.12,0.13,0.0,0.13,0.0,0.04,0.16,0.0,0.17,0.16,0.12,0.0,0.07,0.0,0.34,0.01,0.01,0.0,0.0,0.0
25,6.53,2.23,6.1,3.1899999999999995,0.0,2.59,0.0,0.07,0.43,0.0,0.22,0.0,1.2700000000000002,3.3400000000000003,2.8,6.9,5.1499999999999995,4.620000000000001,3.4099999999999997,3.0300000000000002,0.0,0.0
116,0.23,0.0,0.3,0.35,0.0,0.33,0.26,0.17,0.23,0.0,0.23,0.2,0.16,0.0,0.17,0.31,0.48000000000000004,0.18,0.0,0.04,0.09,0.0
53,21.92,0.0,0.0,2.8199999999999994,0.0,0.78,3.4700000000000006,3.29,5.02,0.0,0.0,0.0,0.0,0.0,0.0,0.0,0.54,0.09,0.13,0.13,0.19,0.0
47,0.0,0.0,0.79,0.98,0.0,0.0,0.43,0.22999999999999998,0.0,0.0,0.0,0.0,0.0,0.09,0.0,0.0,0.15,0.039999999999999994,0.009999999999999998,0.07999999999999999,0.1,0.0
123,3.44,0.0,1.86,1.6799999999999997,0.0,0.44,0.0,0.0,8.52,0.0,2.41,2.53,2.61,1.96,0.5100000000000001,0.0,0.09,0.09,0.07,0.06,0.009999999999999998,0.0
159,16.03,1.97,6.81,3.76,0.0,1.71,0.0,1.88,3.59,0.0,0.0,0.0,0.6299999999999999,6.13,3.51,0.0,1.07,0.77,0.0,0.18,0.11,0.0
97,0.0,0.0,0.24,0.11,0.0,0.0,0.0,0.0,0.0,0.0,0.0,0.0,0.0,0.0,0.0,3.11,3.0199999999999996,0.0,1.28,0.75,0.04,0.0
164,1.3887722006915644,0.33373595520494964,0.764362994179078,0.9043167818456699,0.1614851396152982,0.5490494746920138,0.6351748824868395,0.6459405584611928,0.37679865910236243,0.0,0.0,0.4198613629997753,0.150719463640945,0.5813465026150735,0.6459405584611928,0.0,0.0,0.0,0.0,0.0,0.032297027923059635,0.0
3,0.0,0.0,0.14975617433540173,0.13823646861729388,0.0,0.13823646861729388,0.16127588005350957,0.14975617433540173,0.011519705718107825,0.0,0.13823646861729388,0.0,0.0,0.13823646861729388,0.12671676289918607,0.0,0.0,0.0,0.0,0.02303941143621565,0.0,0.0
92,0.0,0.0,0.13,0.12000000000000001,0.0,0.12000000000000001,0.0,0.15,0.5,0.0,0.16,0.0,0.08,0.07,0.12000000000000001,0.0,0.31,0.09,0.09,0.060000000000000005,0.0,0.0
102,60.52,9.45,38.529999999999994,30.24,0.0,40.55,21.72,29.789999999999996,49.920000000000016,11.709999999999999,5.2,16.38,21.71,9.02,0.0,0.0,21.830000000000002,13.16,1.88,0.8799999999999999,12.41,0.0
152,0.0,0.0,0.0,0.0,0.0,0.0,0.0,0.0,0.0,0.0,0.0,0.0,0.0,0.0,0.0,0.0,0.0,0.0,0.0,0.0,0.0,0.0
50,0.38,0.09,2.13,4.58,0.0,0.74,5.909999999999999,6.98,0.0,0.0,0.55,0.0,0.07,0.16,0.0,0.2,0.0,0.03,0.1,1.7600000000000002,1.3699999999999999,0.0
151,2.7990280394150178,0.0,0.12640771790906533,0.17155333144801718,0.018058245415580758,0.0,0.0,0.07223298166232303,0.10834947249348452,0.0,0.0,0.009029122707790379,0.13543684061685568,0.12640771790906533,0.0,1.7787371734347046,1.9232031367593505,1.7606789280191237,1.3453392834607665,0.9841743751491514,0.7765045528699724,0.0
16,4.391863282382615,0.03,1.2203280777112058,1.2687326593445694,0.0,1.170738911065301,0.8545329921867173,0.35191183667105874,0.026858993923002422,0.005117664522244852,1.5384700415914678,1.3745329921867175,1.258960298877322,1.3361440398551827,0.19629430974469336,0.23540948659048766,0.5292062601843364,0.2272598331984887,0.20582365165571398,0.1946028110002106,0.21277206358908465,0.020470658088979406
68,1.5522369014855915,0.9824284186617667,0.7761184507427957,0.9726041344751492,0.0,1.2575083758870615,0.0,0.5403356302639718,7.545050255322369,0.0,0.0,0.0,0.707348461436472,0.9529555661019137,0.5108627777041188,1.4638183438060324,0.5305113460773541,0.0,0.38314708327808905,0.2750799572252947,0.0,0.0
42,0.0,0.8410085599524857,1.1914287932660212,0.6808164532948694,0.0,0.5506603666355562,0.35042023331353567,0.0,0.0,0.0,0.0500600333305051,0.0,0.010012006666101018,0.020024013332202037,0.0,0.0500600333305051,0.010012006666101018,0.0,0.0,0.0,0.0,0.0
40,0.0,0.0,0.09120618846574449,0.045603094232872246,0.0,0.0,0.06840464134930838,0.15961082981505287,0.0,0.0,0.007600515705478708,0.045603094232872246,0.015201031410957416,0.022801547116436123,0.0,0.13680928269861675,0.007600515705478708,0.0,0.022801547116436123,0.0,0.0,0.0
44,0.0,0.11970955361414047,0.23941910722828094,0.15654326241849137,0.0,0.0,0.04604213600543863,0.0,0.0,0.0,0.05525056320652636,0.0,0.0,0.009208427201087728,0.0,0.009208427201087728,0.018416854402175456,0.009208427201087728,0.0,0.0,0.0,0.0
43,0.0,0.0,0.07,0.15,0.0,0.15,0.06,0.0,0.0,0.0,0.4099999999999999,0.1,0.05,0.0,0.0,0.2,0.09,0.06,0.04,0.03,0.03,0.0
41,0.0,0.0,1.4802571283467278,1.6193416907417222,0.5165998031814084,0.0,0.2582999015907042,0.13908456239499456,0.0,0.0,0.05960766959785481,0.019869223199284938,0.009934611599642469,0.009934611599642469,0.0,0.019869223199284938,0.009934611599642469,0.0,0.0,0.0,0.009934611599642469,0.0
82,0.0,0.0,0.0,0.0,0.010000000000000002,0.0,0.0,0.06,0.08000000000000002,0.0,0.0,0.020000000000000004,0.020000000000000004,0.0,0.0,0.2,0.020000000000000004,0.010000000000000002,0.03,0.010000000000000002,0.010000000000000002,0.0
93,0.0,0.0,0.19608803569333913,0.19608803569333913,0.0,0.05882641070800173,0.0,0.11765282141600346,0.19608803569333913,0.0,0.0,0.0,0.13726162498533737,0.19608803569333913,0.019608803569333907,1.4314426605613753,1.0294621873900303,0.6176773124340181,0.4608068838793469,0.40198047317134517,0.0,0.0
15,0.0,0.0,0.009999999999999998,0.06,0.17999999999999997,0.0,0.15,0.07999999999999999,0.27,0.0,0.0,0.08999999999999998,0.23,0.38,0.019999999999999997,0.0,0.0,0.15999999999999998,0.22,0.15,0.17999999999999997,0.0
