,1992,1993,1994,1995,1996,1997,1998,1999,2000,2001,2002,2003,2004,2005,2006,2007,2008,2009,2010,2011,2012,2013,2014,2015,2016,2017
1,1.1120281429851757,8.40453241853153,-3.284201937563279,-0.4463857368511312,-6.1957688541973335,-5.989392021123101,-6.068034129984238,-3.043921849306892,2.1630143698524025,-4.360527248943553,12.190853118896484,-0.9287641574354732,-0.5335835288552677,4.093727700850543,-2.6185720247380875,-1.3493786752223969,3.693680184728959,-1.4037961135892307,1.0816535564029919,-1.180476607645259,7.820727530647726,-7.630515147657955,-0.7882718268562766,3.5358887209611782,1.8249904811382294,-0.0873764245715232
2,-3.4070022881031035,-0.037372185205194086,4.997159604592757,0.003120456942865117,-1.5210872856370936,-4.729578485272148,-3.0489287771453912,-1.4500309128695252,1.40651938973672,5.948429896555503,18.02924953807484,-57.110844508084384,-20.66882912895896,15.093702853809704,-27.558172997561368,-7.958731122450395,-51.76601725491611,-20.11221854903481,-0.7205621554558589,-5.135947702147744,-5.37788735519756,-2.717234227332202,-3.1632991536097093,3.330886434425007,-9.84119739965959,-3.296371193907478
3,-2.4011759757995605,-0.8092528581619263,-8.0593900680542,-4.719451904296875,-3.126070499420166,-1.1313765048980713,-1.4130825996398926,0.34548836946487427,-3.06408429145813,-4.518526077270508,-1.7186628580093384,-1.6055614948272705,-4.482415199279785,-2.3190619945526123,0.8100804686546326,-2.377277374267578,-3.369696617126465,-2.8460068702697754,1.8616973161697388,-0.5164035558700562,-2.234708786010742,-2.6983556747436523,-3.6202926635742188,-1.3062478303909302,-2.081418752670288,-1.8856079578399658
4,-2.340242580267099,-3.1449553416325498,2.778765518848713,-3.727034478004162,-2.5657126820180567,-7.332372705753033,-7.545196518531212,14.74083529985868,1.6901732909564788,-2.3784492529355563,-1.626832237495826,9.77769829241129,-4.328298891507663,-21.39284764803373,14.18068185219398,-7.044851050010094,30.14548075749324,-26.384814130342924,-0.3625150053546979,-3.1429467072853674,0.35852495845263965,-4.140040498513442,-3.0416836683566753,0.3733412851507847,-0.33567174976834885,-0.360113253730994
5,-2.838368252266285,-2.5287966450979544,-1.441410549851351,-1.3416597593662352,-0.9055081938588342,-1.147211220375327,-0.9147557713264642,0.21033340657866278,-0.4547642524852309,0.9434286979741828,-1.045836167280064,0.8168657505235006,0.19556547146896983,-1.2424994790276815,-1.6558531217796857,-0.6130314601022143,-0.11278765258206011,0.33502450585365295,0.37749523236307986,-2.371039495911709,-1.5641294357388518,-1.718965727229451,0.5905515419882398,-0.35336228078880977,1.7219606887462526,-1.4933535234872686
6,-1.123836163910657,-1.4885754981030113,-0.3790286325538449,0.45155825421063245,-0.0002673132641609013,-0.18951741695970292,-1.0274781090670202,-0.3214146565746338,-0.26453465051512925,0.2223074256925248,-1.0814144006231774,-0.7228028284178283,-0.046079393153914974,-0.12495140533901514,-1.222984652327118,-0.9459953134041558,-0.6300292006639278,-0.5417846394520957,-0.4568940374759753,-0.2641671419310426,-1.216683343661976,-1.7196296785598677,-0.039984253663444685,-0.3846500185501332,-0.527029805246097,-0.7128134384611067
7,1.1135920908551482,-0.03299204794477082,-3.4125651850064114,-0.25064072712321905,-1.8238948301604532,-0.7576313183735791,1.1527208804516413,-1.5255575160513184,2.752710479199674,0.8906621356645965,-0.9533358748858606,-1.9298017797257985,0.197839333215215,0.285849188131919,0.5282828030224884,-0.4776846412840257,-0.6292803765234785,-1.0283713814549074,-1.6294937252264372,-1.8883929405082813,0.9761941123452632,-3.191052068214853,-0.677076528534861,0.16416792531094468,-0.31197626798203415,0.8580619211378847
8,-1.9798122028460892,-2.9240854087571546,-0.6734459859577092,-1.032528960696012,0.2114763727408796,-0.44158462322513997,-1.0482221513006074,0.10941729344226762,-0.1678722565722339,0.1221173409098739,-1.0170049836974395,-1.0333683913698894,0.9842105284356519,-0.6109920224001815,-1.8863977686805418,-1.3401089442450211,-1.5657615931489983,0.7423469842890297,-0.03463721981334821,0.3280310097723581,-0.5847734371661027,-0.8222875856534032,-0.003306229178998851,-0.4701777314289072,-0.5795542208329348,-0.48300151568956917
9,,,,,,,,,,,,,,,,,,,,,,,,,,
16,-4.2643110752713875,-0.6530220363585447,-5.13935078192197,-6.119790607408821,-7.542063800076669,-7.5024479935553865,-7.621029440289728,-13.136988217790972,-7.118711426448693,-0.47450732037087573,-4.704281551646553,-2.428160873322811,-3.0899806089577635,-9.19378899663887,-3.535759710730322,-8.670504829718729,-2.1964553461196057,-9.973631082057342,-6.489155007364102,-4.887820456798275,-8.141903304977273,-4.545692742701439,-3.4132063351566715,-5.3337812787136505,-12.615753272660411,-8.568027069050432
10,-28.106247644987697,-21.84227678531166,-31.060025183756167,-43.20268802057297,-21.910966666124775,-38.26540003485721,-34.7168194237234,-6.9493513924875625,-40.580633724362194,-15.471755221713188,-22.292326470775063,-8.953168575521957,-24.442384785871603,-28.407443721501895,-14.805029537675562,-22.972499224731976,-16.688368998282883,-18.10461858815356,-13.716053159718978,-25.042474689460644,-15.462927287017807,-15.644370231113728,-18.065790812829004,-22.045827329608386,-21.191750004569492,-19.776379340079007
11,,,,,,,,,,,,,,,,,,,,,,,,,,
12,-13.148304689186933,-20.99826590364483,1.6470848490833865,15.354834373140424,-11.149887929938366,-11.076235557846932,-11.150203626428056,-12.625668256670219,-12.152024657614573,-11.078830671261336,-12.01608481680247,-18.675057799215782,-13.735238772907735,-9.92385759386968,-9.220175289796614,-5.686049403045573,-5.162023847738744,-12.026675837614297,-10.80457904197593,-8.994732930721288,-13.359910641963875,-14.543612583704006,-15.23624975830496,-17.143967053376667,-12.153645056464612,-11.358499516487552
13,,,,,,,,,,,,,,,,,,,,,,,,,,
14,,,,,,,,,,,,,,,,,,,,,,,,,,
15,-0.13773837998277963,-0.3715480355751915,-0.5082836611166833,-0.10436390961209933,-1.686390582767744,-1.6010580412925235,-1.630287552400241,-1.6145659746631744,-1.6635146632435776,-3.50189315137409,-21.34330810440911,9.547593564061183,10.024906704645781,-39.154092974132965,-16.615320533927942,41.543471584953956,40.191456378452365,-13.342694780360612,9.443207576272211,0.6849569288767978,-1.5785064210316964,-1.5736580436664915,0.43688334779035937,-0.0159322604915129,-3.9173074804601216,-1.6785824677300831
47,-1.687740758061409,-3.245142285470447,1.025709721593643,-2.3469694748802006,1.8774651485266831,5.7810768515029745,-0.2995892417581998,-15.214401057306326,-4.7081476747989655,7.822672670039366,-0.1144083731473898,6.424018911595614,-0.3469613991207707,-2.684582016096925,8.38530731426095,2.352256175622625,-7.394534378681543,-6.896121582894955,1.4268864086666584,1.2136729241454236,-1.830028405167022,-0.550933933799278,-2.0775052157213105,0.5505533836082388,-2.3025154611974394,-1.4654959566750616
17,-1.145984367605695,-1.0744517431551512,-1.9625220000572194,-2.553060884414364,-2.9512513758766303,-2.9150630541477702,-3.1391821522866525,-3.9348347956134426,-11.38245593677468,0.779136572465209,2.1385121234362163,6.276869912713354,14.522216710460855,-16.643869253147262,-26.824325230630677,12.505456075186737,-2.3461733295277516,-10.051404062333802,-7.396437658402588,-6.168323653451125,-2.4446103458397217,-4.0895972922101,-2.4895113514287086,-1.338569046294291,-3.482832661605284,-3.980089291632633
18,,,,,,,,,,,,,,,,,,,,,,,,,,
19,-1.4977921158277794,7.223445481839387,3.575694753035255,-1.1201803184073904,-1.1855361582144448,-1.1601471945967363,-1.2672909837945,-4.766899694567141,3.6276485149627145,-11.827716578607975,10.697964272291763,-3.7370266893635624,-2.5561142059690924,2.0889993856134623,-1.9604536776633366,-5.015570076846558,1.1664822505868,-8.561802072110384,-8.54843896575596,-1.1142741551055857,-6.276250872404679,1.1238687290283649,2.544796463328859,-1.042410429093339,-2.8965517101890366,-2.3270731139118257
20,,,,,,,,,,,,,,,,,,,,,,,,,,
21,,,,,,,,,,,,,,,,,,,,,,,,,,
22,,,,,,,,,,,,,,,,,,,,,,,,,,
23,,,,,,,,,,,,,,,,,,,,,,,,,,
24,-1.20594473892518,-0.18725676381984757,-0.07038807533193105,-0.5300515257310981,-0.7285966897028149,-1.135569497708335,-1.1776930585768437,-0.3807266035086351,-0.07155183454291929,-0.8905375522134823,-2.3626894767119238,-1.1402106431476775,-0.41540055599945713,-1.1375206356017975,-1.0714682505741697,-1.6669073939289598,-0.7711178572853747,-1.627493752578221,-1.0486724209916127,-1.0710018828155785,-2.5439509786446646,-2.0119662712719304,-0.7804838442982972,-0.24956792646382012,0.19544483030375404,-0.3245826748712744
25,,,,,,,,,,,,,,,,,,,,,,,,,,
44,0.08683106821516286,-19.218620471332382,-20.636084183402684,-88.87886246390964,-47.99796610293181,31.086312750111457,29.470670865929645,27.441996035368547,2.3110079454339068,-28.71805937393852,-0.44419298482977826,9.493760606516963,36.32667831752611,39.828091662863024,-12.27142568256544,-46.94965611333432,21.393302668695863,2.262863327951535,6.29640355317489,2.983213398767554,2.371204473402189,1.3966575964637424,0.374610159708106,3.7036887459132983,-2.103289415007052,1.6944981917091038
45,-3.208978334654893,-3.4103400841299565,-2.244261978088323,-2.3833911109893426,-4.2186419906200445,-3.426193711116937,-2.005687706724194,-2.973920395898081,-3.007175879460455,-3.20427163835688,-2.7148536826185357,-3.5930219288921172,-3.078910032890877,-2.7692220114966273,-2.8954967357273866,-3.883169935307327,-2.1455418577821375,-3.3759248162847197,-3.959513513852981,-2.0825675969714004,-3.370157933778057,-1.7942208141370255,-3.6661066823451285,-1.2516241405048238,-1.0661282001578023,-2.6943309870818983
46,-3.226063474051414,1.1712361613347355,-4.988887227435787,-4.772375510735137,-2.1402982056717432,-0.5842604910419787,-0.4180378588313486,-2.6182020011196303,-5.2146185725325065,-2.9520813638513217,0.7370079078511463,-1.816026583271292,-0.328574456937559,-1.5771269791955542,-1.1177711501717924,-1.7491119521132177,-3.7656717333733782,-1.9808089325219513,-4.1292523819117735,-2.4757552241104315,-2.2685029617011456,-2.121588894751169,-2.50871125827851,-0.9866961399082541,-1.8242478196959107,-1.917961973765616
26,6.584439203367761,0.8995893232156233,3.00811604082809,3.495408727877915,6.145202965595739,6.752197547174578,-0.12606963470197552,3.150123515529823,1.366272162036386,4.052127284688916,5.885067666195945,5.681675524368158,5.9748045886980625,5.5713522354362395,2.4435816110701456,4.717513370989093,5.795831515561396,3.7496584134205233,10.113590682171896,10.389239905467585,-5.332101029167623,8.446979851379266,15.04331408553387,8.293794533315815,2.188923473028432,1.2611522389204557
27,,,,,,,,,,,,,,,,,,,,,,,,,,
28,,,,,,,,,,,,,,,,,,,,,,,,,,
29,1.3851517280849783,9.841879065431426,-9.163265529346141,-0.28300209060301784,0.5378198635354384,2.182470140603622,0.8515109680211584,1.2931514068700551,-0.3370238484802049,1.868093726578019,8.460859468111407,-5.673961528294018,1.5179022331261187,-2.898693302792494,-6.345480853787055,1.9105340520320493,-3.4864123640613753,10.161858789749926,1.0824419513611765,7.815050368422941,-1.2369017693462048,-2.3912973151678925,0.30924474780325406,0.5436943349914797,-4.229662913104373,0.8390504798499085
30,5.4293679352334365,2.2119262204339853,-15.682587167491084,-18.018743991851807,-0.4464133114741725,-0.3813517831648763,-0.34093909065713995,-3.2819101574863843,-5.342322656936325,0.8284123713967828,6.295217470129724,-3.400865116609415,4.204537126622181,-6.169175998024318,2.528619761523522,-3.9306678536381177,1.7828934894720085,2.475274968995407,2.4517812964473316,-2.935836465933577,-2.434347055186131,0.45128636169288744,-2.628460444127147,-3.507517057680801,-2.192445752177785,0.9235451779817875
38,0.739877314041924,0.9041098568112549,-0.5572253759417066,-0.008728439355137113,-0.5124701280855644,0.6472898089776321,-0.6822292952273152,-0.7325307039058457,-0.6696998919480988,0.6117754179760915,0.34357602404554877,-0.5901515727598952,-1.1570597779786378,-1.3537299460650356,0.09134586540325842,0.5376919938274991,-1.3075973840094621,-0.7153857353493027,0.6739630771813059,-0.7202180288993324,-1.3591626764226599,-0.2794768390073921,-1.0856558481348755,-0.27337035082275574,-0.5418294010709616,-1.0813059628860087
31,-3.08938108236407,-6.421708213019083,-3.403188502883213,-8.635810267409704,-5.142130788688458,-4.24057014560997,-0.17614205319004603,-3.0336071655488297,-6.8476357007864355,-2.1541024613631143,-5.345472926202479,-10.467400094744727,-9.530688300423224,-2.616739049499826,-7.153812688569425,-3.5220998877465286,-5.2487131114800025,-5.466239731329031,-2.5540512741178483,-5.619500194837716,-5.199344081445561,-4.445330307597133,-4.36230526417002,-3.495063326475226,-2.0275079702263814,-4.6726005569293
32,1.2701046829471332,-0.17941330719622783,-2.939143095622983,-2.0556901871112356,-0.5561406375562543,-0.5486456207489889,-0.5546485304223832,-5.604858892528634,-16.123978888779355,9.105030980026513,12.868775719090513,-3.001440905688102,0.34348643078859215,1.502539713376839,-0.154589268174676,5.612624559486122,-4.1084652982260055,0.6913781759999039,2.8278758775834976,-3.5032228555595664,0.11647818932885314,1.9857781685137175,-1.0926134962784617,-1.6200529838863171,-4.632414435085497,-0.8329307802936488
33,7.2032000048412055,-2.8786165888634327,3.766771452255214,-1.9502458199654913,-3.52714985878009,2.23007408494033,1.8899092220574143,-0.037812267645765625,1.04246660300391,-0.42815122604016664,0.09516729252022813,-3.430101775543029,-2.3401950450364497,0.8364544389181257,1.2675689295086845,0.8557998038498972,-2.3160083255048844,-5.425187687111939,0.8003290363772303,-0.801926443934576,1.4675396082518706,-4.013216056440742,0.019148401238328325,2.355825620432577,-1.8442814724711716,-0.5607312830414175
34,-0.26335567817545236,-0.338843997074813,-0.14284985087931437,-0.42137593471514306,-0.019897170352373764,-0.9606448566712962,-0.2616389067187508,-0.4143446936666616,-0.04997596083343953,-0.026656146112884752,-0.7242300121886001,-1.0171679823589996,-0.4374897171502106,0.1764484595936903,-0.25328294508674437,-0.7494369216872653,-0.5861870963797965,-0.39430218312074217,-0.7018278048265407,-0.4187514008333591,-0.47851881251774564,-1.1749103786308404,-0.7742526895343123,-0.03141154365095908,-0.3421177622642554,-0.40414550346410477
35,-0.6465621006568812,-0.15823200368946194,-0.14811649270572338,-0.28096838022710524,-0.3376498200219242,-0.5377606473205351,-0.2526908738883249,-0.6864591060589514,-0.27120534588916223,0.02820140353481652,-0.5293996804652331,-0.7092819324184395,-0.46972877240253486,0.0892945088498965,-0.2536940230385941,-0.49040543523502406,-0.6773407931196216,-0.1932573636591194,-0.4713951117014327,-0.39371896641006965,-0.5748038425798997,-0.8195727473993939,-1.003790468945312,-0.2467990784840298,-0.22188716761334046,-0.30217453454408166
36,-1.531228633491394,-0.5317663033710043,-1.3304489439734433,-1.4090109420313068,-1.191401204874201,0.7200365313063319,-0.22235680538099034,-1.8713086987226373,0.2794703423727178,-0.8278111942536714,-1.2942882043710076,0.2773602136711527,-0.6847736947841018,0.11378845308286777,-0.18849138508855134,-0.9126610476297955,-1.1147328401316232,0.08819325957835628,-1.1973894007514085,-1.052871858792705,-0.46094887018173764,-1.440612467048598,-0.6794866426524909,-0.46289980847490964,-0.1312445697388891,-0.8686648855963962
37,-0.858294113274616,-0.7135463107592961,-1.4175174673721531,-1.4242257650617898,-1.2680954683282273,0.2224405233694747,-1.1112466593527741,-1.6729169813741362,-0.4362425193953698,-0.9805817047301832,-1.3770980681637226,-1.3596213198143068,-0.6116529014630739,-0.7415472612441439,-0.94207215982973,-1.1107718871284535,-1.9480499635304358,-0.2997581883320256,-1.4773245605715768,-1.1462841455991448,-0.789152500508119,-1.8117649173327555,-0.7080682206641371,-0.7476121665802508,-0.4965665038997158,-1.2256297014440665
43,-0.1931531237039183,-2.28078747008528,-11.209562396364552,-75.68356384549823,-25.469692332404,25.574947799955094,24.320919002805436,21.834826145853317,-20.845120889799936,-25.438277993883407,8.653965021882739,13.524471282958984,19.283609164612635,32.443991490772795,-0.602423131732004,-43.82087850570679,15.616696587630681,-10.02996361323832,8.360145777463913,2.6700794832514867,2.0265526909913336,0.9950026401451656,-0.446950491118644,0.9875385600275227,-2.0446404080638394,1.3670460917055607
59,,,,,,,,,,,,,,,,,,,,,,,,,,
60,-8.413609106781756,-5.942461185418306,-6.794760454896909,-4.9815095861940675,-6.548600274761012,-6.89020900418804,-7.231893929279154,-4.604580866445781,-7.584860755928501,-4.915061356536866,-4.111166645599059,-6.464605167318302,-6.879791330949516,-7.970271219868027,-6.018571466539695,-7.50616323511312,-7.526444683029394,-4.309379683458988,-4.538843684780462,-5.970262870429807,-7.3620368282364055,-7.732249478815468,-6.972289944032005,-5.390823716701121,-5.946024258692221,-3.6857264494938833
39,-0.2437171359904331,0.37198507316538804,-0.6165403544269185,-1.2901149133901453,-1.0927426749111588,-0.8859306777994337,-1.1932435844335834,-1.3136666259456158,0.5627876512720332,-0.5616459052177227,-1.0866195194777135,-0.6659053146674245,-0.7874645837181083,-0.9476669858483541,-0.5193613413399744,-0.4683643105835523,-0.4489350804711072,-1.2631202100649752,-0.3889797588065865,-0.9111995326935426,-0.9304927004920571,-1.6901585856839505,-1.0846434531424671,-0.4607501866005822,-0.7511465135554022,-0.6454265883211145
40,-18.243579268455505,-18.2122460603714,-18.407312512397766,-17.717758774757385,-18.26980209350586,-16.43005883693695,-19.558712601661682,-21.071318864822388,-16.782355189323425,-19.55882441997528,-15.909220814704895,-16.85352635383606,-17.4471355676651,-15.737929701805115,-12.175136685371399,-11.575400352478027,-18.850110173225403,-17.737366557121277,-18.28902494907379,-15.564353942871094,-14.752524495124817,-15.437059998512268,-18.173187375068665,-13.170176982879639,-15.288895785808563,-15.534107089042664
41,-11.856802008368753,-9.740033810788935,-10.150932171128012,-29.187402378429066,-24.46535051952709,-9.795340901071375,7.193925933404402,7.131847825917331,-20.42894015528939,-36.49663905663924,-14.295575158839876,5.277645967223427,-12.670901022174142,6.955848802219737,3.1929661675610324,-29.898281877691094,-17.0322533195669,-10.141026844693856,-1.1088120381940494,-6.865251436829567,-9.958240238103,-7.461224117062309,-8.123310270634564,-8.216144691814076,-12.241689551960338,-8.41757960211147
42,,,,,,,,,,,,,,,,,,,,,,,,,,
48,-2.634295296957595,-2.7787544316919157,-1.3508839655591234,-3.277356227793951,-2.4684705005250214,-5.659705452856849,-4.459258800556317,-2.18206543651595,-1.9690026366455373,-1.5400958915329512,0.18626284629654563,-3.285493366375177,-3.710367969679516,-0.6129526642725233,-0.33488908189815403,-0.07463511312293718,-4.525505140063039,-3.006896622576083,-4.5675646101074285,-1.281079389030041,-2.147952726988375,-2.0222231467120917,-1.522619215358791,-3.9580912754300366,-2.8874787609448425,-2.0395305309881713
49,-3.6481055847508106,-2.587546089444235,-2.1498180185517253,-2.055487851747094,-3.625024575698615,-1.7722862911118165,-2.0464059989774945,-5.390930120026349,-0.40728609856707615,-1.738295000502819,-1.9711154374088635,0.025327898483782516,-1.545479697745733,-2.3749579142920156,-3.5181847409840947,-2.7886480993045732,-1.9261330813501354,-1.9987064124746683,-3.814456272231444,-0.8080998911192528,-0.9110360178299962,-1.5002267451226745,-2.9021888358024817,2.4293781942656816,-3.838603788069999,-2.798785979338903
50,-2.425218105663886,-1.2999812333591492,-1.3779761057659325,-2.383363026636278,-3.431174222912671,-2.473490664705493,-1.0775625644075915,-1.4098524404242927,0.33861078150456236,-0.717170560409957,-1.4848103886907202,-0.6531086665935393,-0.9331897575350744,-1.696891503647742,-1.5070260055688625,-0.8582996159459524,0.008585908050107352,-1.788335483850574,-1.0050058046402868,-0.10261157696607599,-1.2974182824804112,-0.695844698111349,-1.2162000615563835,0.9856453532751362,-0.4831866889803639,-2.1818347653108052
61,-1.8232338291660608,-1.2019536514288023,-3.1425097737513403,-2.670407684266113,-6.359390311341618,-5.15947398084489,-2.6375080378412163,-4.3613828384171045,-1.9234197184058828,-4.688520537831216,-1.1749676946889098,-3.119889105158455,-2.4391502003491867,-1.7773163996711774,-4.793072005187431,-5.029858980128599,1.0507750141647956,-3.6148946484251967,-4.335759262829065,-6.8191750296897204,-3.618371325922372,-6.221340767230168,-6.418642277462556,-4.989902740552708,-1.3231761442747185,-7.51452332889628
136,-24.174001693725586,19.717388153076172,3.7655608654022217,1.2490558624267578,-3.345829486846924,-3.3142573833465576,-3.301835775375366,-1.3808811902999878,-2.050528049468994,16.966463088989258,3.301680326461792,-0.8026981353759766,-3.8676111698150635,-7.800612926483154,7.564671993255615,5.331277847290039,-12.041055679321289,3.847989082336426,9.72305965423584,-0.6738265752792358,1.5391794443130493,2.901414155960083,1.666489839553833,-1.7805935144424438,-1.7589147090911865,-0.7268860340118408
51,-1.1285845457495918,-2.022064138134979,0.0845710242320504,-0.8380034413873254,1.1039847978242432,-1.3340032558691073,-0.19611302256482782,-0.24318240130458424,2.371214366298071,-0.9291644561962751,-1.2440583719772316,0.6344075796009233,0.34355096648093536,-3.0659428922360767,-1.6127345290599986,-0.149358153395306,-4.41428020162517,3.283410027532797,3.655385171467292,0.6462088425165585,-0.8927773831693452,-0.643624543413599,0.11358040970538312,0.09478717368046442,-0.6354646184573531,0.5213735075683077
52,-4.89211130296668,-6.228742806224394,-3.436123504347173,-4.857676393163622,-6.2091257528454324,-6.010501313317046,-6.849178761730849,-5.0727019495376915,-7.141681638587881,-6.101546820331819,-6.638742243501453,-7.215541631122581,-5.89381661611417,-4.966779727583904,-5.358696897805052,-6.022623143132109,-5.800228369220471,-4.947992572018071,-5.442441030028449,-4.00442377732466,-6.540263786537823,-5.809536150727548,-6.735570249559215,-5.0471595711291055,-5.817461843360726,-4.387569708623325
62,-34.65860601164232,-40.895278709380285,-27.083525974464123,-31.762015617848423,-21.021613186022584,-34.49115212497281,-32.687794044766825,-18.95519542186167,-13.025808747743067,-26.68221610246008,-47.02340260374473,-19.75490722025016,-30.835728481075357,-33.51635127488593,-34.06981649437969,-34.06427506450755,-25.047572609825057,-41.80157421942364,-29.259009655434983,-46.78880516447326,-25.47839931705374,-29.226699043593122,-33.85955065758076,-32.32856875133282,-29.171309415564643,-31.38067079110557
63,-11.251154996545303,-10.822742365022384,-8.47332496888055,-22.826503619897426,-7.408458427928071,-16.480909954732816,-12.172528310748172,-6.047118324940362,-9.92485440804375,-4.318354926719508,-6.5680296355355186,-9.976258220971673,-8.24192452626226,-11.828211016962465,-8.30257252124609,-4.1349412791317866,0.01517410312222112,-14.39648031687763,-13.980256845509114,-15.453285734490677,-10.328355363111301,-14.396119773733085,-13.682507917275492,-8.10741540962488,-12.060775236614422,-10.727593848100483
64,-3.3931111653821917,-2.0405725253848117,-1.2697246723104505,-1.6046120813209808,-0.6054631438333886,-0.3620879494727143,-1.610564059409415,-1.5201599940222843,-0.840041320702116,-1.013243902662616,-4.230978107556905,-0.06176673150372348,-1.7753165579632433,-0.9130674875291974,-1.5798616922178108,-0.9134214229338339,-0.945524344529506,-0.08259524162733273,1.2971617398352222,-1.0963525577973126,-1.186558844571328,-1.586303373149392,-2.2348981320736385,-1.0235329622104867,-2.2862604759437213,-2.2225292300207644
65,-2.550275354141673,-1.8280860087805413,-1.934726063718135,-1.6792265402782265,-1.8489779200383403,-2.216073607052216,-2.1910706139967284,-2.8614612283669354,-2.5529077118977863,-2.17652812516649,-2.38989266821774,-1.665955158687562,-1.4785013059565173,-1.4182931424871839,-2.479198297056665,-2.3225608972535556,-1.1845021815680805,-1.195215347388082,-1.6468442816405242,-2.072528196117099,-2.4967310067280217,-3.062528090088208,-4.128469390870555,-0.8930098293038524,-2.9950712663152745,-2.836972279134791
137,,,,,,,,,,,,,,,,,,,,,,,,,,
53,-3.6054418731792275,-2.884086320507349,-2.468551878930152,-4.068515924092648,-4.463483948730595,-1.8653579049673348,-6.9690042314059095,-5.46658619443846,-4.411548700541088,-4.049332327874816,-4.1164415210503496,-7.504960459426437,-2.3964797151688795,-5.280726420155947,-6.509450649819433,-3.425256089607302,-6.059647444187358,-4.980169543833142,-4.262446599884633,-0.6104046150872393,-3.8669524664821857,-2.053004845638412,-2.829292371560941,-1.272591723364349,-4.511341165517422,-1.3499516363256565
69,3.7715186132397323,-9.918741748399846,0.8755788061077882,8.360640124149434,14.414263985373758,6.326920194886409,-6.527178356218615,-1.783682046022187,-1.597516568515421,-1.6139600240693894,-1.2862861415144322,1.354766149271993,-0.5779013700685978,-1.1939270639651576,2.0326207266504404,2.762795791678433,-0.9553281598412783,3.0555734066022433,0.6401263119894255,-2.3301364818670764,-0.8731065866360855,2.996922381225851,3.127827402528527,-1.3820031328303326,1.0148142540716607,-1.8163309456290573
70,-0.14683869631921667,-0.622581824269498,-0.453239464765005,0.018042676891587953,-0.05935243810712761,0.27775735395569817,-0.4088034758276836,-0.3268649521010757,-0.2824968841843417,-0.6240806062707409,-0.2477560758745554,0.0240170546239145,-0.03413718560538966,0.10107566916503784,-0.2575744785423857,-0.17335546312840902,-0.037084533714998306,-0.05536619459476161,0.07105566735501968,-0.1700882309278651,0.1214824697638275,-0.5478736702470798,-0.4083683026334868,0.11073147730820737,0.2684299184706275,-0.2330330735691934
71,-0.27571938157300746,-0.32144317758764895,-0.21033574890788057,-0.3860834483698557,-0.19320538576267907,-0.05017040987640248,-0.2792257206782614,-0.37633421534212663,-0.21831253912384446,-0.24854663243029765,0.0925563754672766,-0.40844097047770206,-0.3927766136820787,-0.167282251425012,-0.3158636394324604,-0.15522839006798927,-0.2927375641755053,-0.039770723356598606,-0.2074020316823855,-0.32004378026406594,-0.03342518935947895,-0.5477015692231277,-0.26438267512749586,0.043158007675792705,0.12589249552124496,-0.24457482763099983
145,-2.0926218808238066,-0.3198695116305864,-6.714562713458974,6.438094505699732,-0.18626325833861546,-0.08185643975132255,-0.9863485215652373,2.003877938114187,-18.17195797992009,0.635045243046617,-1.053561336871597,6.261693226393833,-14.496667867065758,7.63919025082742,4.708185139522757,-7.772391790984779,-1.8501884227478376,2.045227123845008,-3.0241420134421317,-5.068053781345326,2.5099403688343624,-5.614325097812119,-4.526820895492389,1.7805741833878421,-1.6103048102194142,-1.2399200878146115
54,-3.1180395950366906,-2.206712058460652,-0.5290312592379863,-0.3888272267290595,-0.42681343117694703,-4.379876743290483,-1.1678876188771552,-1.483454172739002,-6.843424828972441,2.949078653326936,-0.5462556020309466,-3.5814738045483323,-0.14588991109963734,-1.255759823145875,-2.7960995095146752,-2.9301955043731978,-3.568244330307811,-0.33869904598874856,-2.8114104638959723,-1.1296534588864469,-1.9456048109891522,-2.907991067431825,-3.0409740698445074,-1.209164271780695,-3.5855814996674202,-1.7527895560498605
55,-21.449913812213897,-20.570059081425253,-19.899726884871868,-23.21218943239789,-20.787388772918884,-19.07599040008123,-22.901829329354356,-18.525763286947427,-20.38037130194886,-21.462234706488417,-20.1282524110617,-24.789610116833874,-22.6582454874596,-24.685731740208688,-19.876569851298587,-23.834921118416133,-24.52370292324683,-19.30704191742901,-20.636665058603345,-17.018779716864017,-13.666498840523651,-17.654303294896838,-16.968275486735973,-15.354581210079463,-16.81689067962793,-17.00555666566904
56,-24.447653287316555,-32.818857769242946,-28.52048457182733,-36.06366600080069,-29.33418850945605,-31.533916581966515,-36.43281674072899,-24.82409190634268,-29.109718626998063,-30.906729480232627,-26.90325161580561,-30.538905077226776,-30.287339172924405,-37.947094261869005,-21.469058168142322,-34.97054193128112,-42.56050020261539,-32.2355974252583,-29.586394668281436,-22.60414238605975,-2.7464582033016267,-2.7709438258258823,-4.112532033978965,-1.6358432987454337,-1.4865196805001155,-2.1520104378969993
57,-15.067984866043265,-21.84238646376601,-16.456871674728582,-23.358443212021267,-19.444567774264492,-16.617809601974773,-21.32380181944817,-18.283063622136442,-19.254370422366417,-20.444287371022025,-14.427964744059775,-16.180950940237075,-23.271046821541876,-26.43083720456106,-21.07183010351062,-20.79799898223,-22.63592754981501,-13.707167372071838,-15.193405240558622,-11.320780640003411,-11.235660985024017,-10.193430972667343,-14.754617656624578,-8.731805974210873,-8.02212097197877,-9.182576617061715
68,-1.1382091714021487,-1.4192915247418942,2.1803823728591967,2.2025934732877293,4.078021694452334,-2.748499793884082,-3.168630180641627,-4.136233843289888,-1.7990336632117248,3.377751208268679,-1.4969326532804048,-1.8784192456171298,-2.8956004228347387,-0.028598877481925182,-0.2063644554418249,0.02169510101278623,3.3272603841928334,2.499631401055898,-0.3741664235981611,-2.7826627664363537,1.5330103495373175,6.705721717805434,1.4823747978020363,2.3252948492001266,-1.956544722072207,1.5070947258470533
58,-13.143791649394664,-17.026532052126907,-13.825222230275116,-18.209322514223768,-15.392142371568717,-9.38322669895452,-15.989701941383414,-13.187186711269813,-16.124846713157513,-15.330571330682734,-11.796843898211252,-15.566030016856653,-18.487840843539104,-20.841436095341763,-18.149121796304975,-17.10766486054838,-19.842241771708913,-14.658020045994768,-12.541165248527644,-11.534834468173187,-11.247263217461128,-10.09698376704423,-12.121224183961216,-9.265470579503447,-8.149614088521579,-7.8597272003495915
66,-4.148421794669854,-2.1287531143816127,-3.718498532289801,-3.1087868052448715,-3.7360461565319976,1.069918452757259,-3.9373242953220813,-1.136461792001754,-0.36580933191960313,-1.8141696168688055,-10.118475038347684,-2.0170716782052414,-4.419505307909466,2.6141036786988083,-4.156886869295198,-2.5306396316809696,-3.5901366110931594,3.3704973451226303,-2.3195073732048392,-1.125295384781835,-4.874645125250454,-1.5590977950002802,-0.048576888932375765,-3.566510517189011,-4.487011921672029,-4.505954668994831
67,2.8364740620488704,-6.899565835621046,2.4601047628599666,-7.647999884771264,-1.6284741268533727,4.942993359624044,5.363083724353625,4.629562922923461,4.7758983326205255,4.636753014896227,15.208201984737231,-5.180844198361687,-36.97777787084165,24.096993749038035,-5.8078950340333195,-17.16571014860402,5.885740116562532,2.1036724472175474,-1.2831769227252707,-2.9002444871093918,2.48670415930126,-3.795793865361939,-1.7217307068083598,-2.3938330966574344,3.665947337254234,1.9875225293895473
72,0.05729241604365223,-0.9094977224681605,-2.4750106357936317,-2.6936989254648434,0.9420891873346946,0.40267334545092287,-5.071319415095322,-0.1175640266907157,4.839613041532529,0.8981272937260991,2.961479686696003,-0.9090931297454105,1.0897587001132152,-1.4889666527404006,-0.6767819641500277,1.2942271772666805,-1.0789069464522685,0.22777585971089911,-4.214163060518021,-3.8034206339313337,-0.8125875147310555,0.3892860120816275,-2.0584525865112955,-0.6459361459669353,0.4689288362571705,0.31657550468832807
73,-0.5308838138741127,-4.199176284189003,-1.5104081801891809,-1.8451017135032592,-0.09873059699903412,-1.0305799683624144,-2.7861770140887425,-1.1297673091019433,-3.5773341832967467,-3.954567369389348,2.643920534390007,-0.36943070152098384,-1.545408448654262,-1.854113730319235,-3.654817124759937,-1.5087134310998407,-0.8695252549267094,0.6387330182323071,-4.677090966830787,-2.7123712184614597,-3.6800300667684716,-4.321398776567043,-2.986651663127113,-1.277652164321274,-2.1514545448282765,-1.9578343813588983
138,,,,,,,,,,,,,,,,,,,,,,,,,,
75,0.12825238297701003,0.4290247521423773,-3.245250316170173,5.612610938103218,7.5103101979910845,-0.17960993076364198,0.9086690348330734,0.9293385611286735,1.1083688075555775,2.48310300514738,0.29339386669661455,-0.009356602277262212,0.2823996370113114,0.4726072813921828,0.019645707776421696,-0.09432029353674289,-0.9336087233651944,-0.07361954596647008,-0.43312962929154103,-0.8875428966390408,0.3865948436948342,-0.9254827450930587,-0.795580597912393,-0.35839329550905924,0.2594224582842695,-0.15191172965900684
76,-0.7562465672771777,-4.156927068002762,-0.5621774909011419,1.6258107662200927,1.3024570049778108,-0.24121384826308537,-1.138235136770433,0.6141479899325678,0.23367298324742625,-0.6544298596680165,-3.166089254040872,-0.19297225551619646,-1.3035873024694382,2.39824732734311,0.7563377887971939,1.3074195882966442,-0.5908238233758076,0.2783717449739455,0.6021229169601875,0.7829548538932877,-0.00203147828578949,-0.09617899079626847,-1.1105077962361036,-1.4569085265599913,0.44472740612484724,-0.7562780201435089
77,4.096073157687224,-0.74062573710165,0.2819380528286441,1.1731158605286183,0.11255166413720594,-0.15525748551812535,1.177881348679084,0.8099370973028299,-1.4896783080762466,1.4605848370617582,-0.02803689789661039,0.5271224175526081,0.39891641337103706,0.364509770479622,0.5840046271994597,1.0941892907855222,-0.8342320168215803,-0.07663253040180919,-0.5482327208676747,0.524870651844313,0.6984191502600852,-0.32000601243046434,0.07209831376614241,-0.7638357951819456,-0.6428791326766155,0.10278554582250311
78,-0.8030453187838933,1.6577123795164588,-0.6303183873496442,-11.393432940965818,2.0506935238056343,1.091816762485254,2.8756460229877705,3.4745001115916687,-0.016178238493056944,1.2283873563275938,5.125320315361023,3.658045275711719,10.083159119994551,-3.141621390978495,7.539596581164702,-0.982175841651581,-12.058634498972951,6.337052931020289,20.724115148002717,1.5677978273504127,1.8556888514646777,-0.12281827145704517,1.8596892249712973,2.4886748985283904,-0.002212281396359573,0.09657678990279911
79,-2.358671115950132,-0.18297429770255128,0.6380439266705742,-7.758603949768421,-7.614823141923318,7.368812854807729,3.1190922863972492,6.943838071746704,-3.1511778643247315,-6.687473800797493,5.741340795388589,-2.5263323168724012,-0.1657241885938371,-2.566059801249932,0.8714898933644574,-0.8516131457992089,-0.5023561571642625,-0.43498816842997584,-0.3733394237008328,-2.5978431063972844,-0.07495013779650132,-1.998202000828221,-4.382329496519956,3.2094335617163243,-0.4547325793880587,-1.118181378294069
80,-1.2528510935496069,-2.1596856171191003,-2.6285830140894295,-0.18106519461077136,-2.008889067600166,0.11142222645998764,-1.7495460140723003,0.24085294749439295,0.3971765738998985,-3.0512556390357135,-0.11172480770384614,-2.906073581764268,-0.4032978739296303,0.14483382636543488,-1.54164049167157,-1.3334032034716299,-1.3527986252715876,-0.9985039882792512,-1.3171952406792626,-1.581662437314616,-1.0201143932721055,-4.946413966850414,-3.334119751406039,1.233149572738593,-2.150373535421589,-1.8374545942567475
81,0.9928236608377687,4.543566678535381,-0.23859993980041752,-4.579883794439325,-2.903787668002137,0.3076491465442287,1.9416049212871576,-0.19312238240534466,-1.0438623486352216,3.904325761487792,1.3469976812787565,-3.053201250495954,1.6137430727738904,0.7518553171249299,-2.4176980515950404,-1.5507448424513524,-0.6928124099963806,-0.45994425322836774,-0.8296542453371005,-1.614764449932524,1.635011956689361,-2.3035472229763663,-0.3629507432296086,-1.7660846237211205,-0.15333866602841267,-2.319149160142398
82,1.1057893876451999,3.2427029382437467,-2.897265598922968,2.5190608493983744,-0.5607339614958619,-1.6031594009604304,2.106365864141844,-2.7163155831774928,0.3596988666336983,0.9990333298090264,0.3854413091321476,-2.924826569110155,0.16732549422886223,0.554948070156388,-2.599520395696163,-1.004761777818203,-1.0122415516525507,-0.914904466085136,-0.5558038629067596,-1.4072252810001373,0.8784881410654635,-1.781777808815241,0.38084240480675363,-2.2449726916849615,0.4952490456358646,-1.6335048973560333
84,-4.666648840012412,-2.559737765189637,-0.3880559335436684,-1.2279747688102227,-2.2671016319278943,-2.282868579805972,-2.2420973007502254,-2.1239144738123974,0.29864734255162895,0.6333455395678297,-3.8663599835077163,-5.2912093507460805,-2.468743967451757,-4.164934542130346,-2.586557226879091,0.5317012178155206,-3.4673258990963642,-2.916840022086969,-0.7151260656456349,-0.8699124658909356,-0.9347686682911981,-4.817341457912047,-2.6689639698766148,-1.9129396103647316,-2.101412674775036,-2.301291011827241
85,-7.158613913768047,-2.4204077352341766,0.02108598530695245,-2.329955935060374,-3.0699502690418345,-3.048120326931412,-3.0633013022912516,-1.935257020577587,-9.486352843509332,17.657008449451343,-11.592429488414043,-2.3535175709761806,10.986681690731563,-3.1545142351372824,-4.926291397455576,3.246535800598763,-3.335667786404893,2.403945369011647,14.266066124632552,-3.2477454147956055,2.8771828726940862,0.24890937623190315,-1.2037762600022393,-1.4499435998298027,-0.945370491130932,-0.49151180829550767
139,-12.309805870056152,-1.6558529138565063,-1.8805996179580688,2.508659839630127,6.430947780609131,-19.119226455688477,2.6922361850738525,-13.544546127319336,25.74176788330078,-22.88024139404297,-32.76409912109375,-83.66536712646484,-66.11195373535156,-12.345172882080078,22.697940826416016,48.473262786865234,-20.71870231628418,-39.61956787109375,-16.431509017944336,-7.806515216827393,-2.4925692081451416,-3.280494451522827,-7.727203845977783,1.0236278772354126,-9.450920104980469,-6.504007339477539
83,-1.5650500763448998,-0.6826637150689356,-0.85861124412027,-0.40630362512775064,0.7934109004687072,0.031578927039260435,1.276445814156711,-0.6153324119995379,-0.9510408176036486,1.5669551330322435,-1.8491401886302274,-2.8745491270950168,-0.4880003504288694,-0.2059361365443701,-1.808828995899893,-0.21703495515601937,-0.9454620427347029,-0.6094963113044145,-1.8187707547878573,-0.45324513649168324,0.1030429882572112,-3.3803933176669183,-1.036914846620497,-1.6374844955026562,-0.15620595733235126,-0.4579225105420492
140,-0.12194712499954871,0.3010883102293259,-2.802521912114961,-6.41456059047154,-11.158519046647209,3.2615145121069093,8.056739168507713,2.8000182935169766,-8.57685536891222,-0.0705063888204417,-5.725209014756339,-3.2161462200539455,-12.09175934110369,20.253593819481985,4.05147476707186,-4.555958475385394,-10.18750969001225,9.13677031653268,-3.7601131285939897,1.3432280272245407,0.35016168068562237,1.4013878788266863,-1.0361697498176778,-1.3252823331526347,-0.6848730160189527,-0.4439979647951467
86,0.12144608422140175,-3.469313498354986,-1.5097913049006506,-2.8178308455449224,-1.2791304780812627,-1.9536520843703353,-2.0891299029473975,-3.14943456065603,-2.30853366083526,-2.974855712343401,2.443619785629943,-6.7425349813510485,-5.065666136980991,-0.3031229599696076,-1.2824198927405872,-0.1633657478863838,-2.1092874540167186,-2.4518080490932395,-4.272097812874028,-1.6735776112723808,-1.3274702459929073,-2.27236341640745,-1.7232299420410073,-3.4352423766204194,-2.254916164473627,-2.0503696542576284
87,1.242656942989145,4.565662466045609,-3.9187459156925515,0.12638030753688032,-0.07155410310558107,1.1759482930393372,-0.3453462858215198,0.1486056083933664,-0.8255946498392219,0.7820001652541297,1.2234434441740352,0.6175822867990884,4.1349656196465165,-2.5666272286185645,-6.094623160541506,-1.0379003500355815,-1.036111651898775,7.869235823925276,-1.951021931225196,-1.3028560963116194,-1.1305596476658843,-4.213005411893802,-4.831570250647409,-0.8713514397579029,7.6146121993100735,-0.18836670581783568
94,,,,,,,,,,,,,,,,,,,,,,,,,,
141,,,,,,,,,,,,,,,,,,,,,,,,,,
88,0.7268875233767951,-0.3789486946263274,2.6169071604742014,2.38269502755682,-0.1901376211832537,-0.20345540488230401,-0.33444155842279555,1.8765959943556914,-1.541488358245487,-5.319256675871639,-5.104968834876037,0.6781014118190916,0.5203144635833403,4.817213656276953,2.5170774524932207,-0.26835013064780067,3.2246300316637106,3.109650164615882,0.225323030966731,1.5801276954485401,-0.6082767047194123,1.24875755008333,0.06924700858529474,0.2663425991723894,3.537992120766249,-0.672285503866609
89,7.88068631952709,-0.44047263518555535,3.680194180137384,6.6762258607990805,4.196146695029195,3.759769303687937,6.347478663768909,2.611901951944375,-11.813675843952197,16.667253662083265,18.543135600406085,21.340127968307186,28.066604990780526,29.042293441398687,14.984415775760793,9.629175444501278,-17.940526487869384,-26.413665452676824,6.7781937664736365,9.507287204587666,1.9976598115779476,6.774748475518969,1.9208638984924693,6.951324033558969,4.789280466307864,4.945052422333078
90,1.910775492425718,-0.5018767121800437,-0.1759569137273019,1.619608896360847,-0.03542809258255299,1.1767330069366737,-0.7003994096914501,2.8991093356149604,1.1826699859275889,-0.3067599744265454,-0.4002889809165924,-0.6113241157044822,0.2790979860129092,2.2481621265669225,0.946493376183773,0.07756842341866364,0.5198731106274292,2.2151367265669317,-0.6514778983285626,-0.3963344091379238,0.5803605715930852,0.6438338311357339,-0.39637401109428766,-0.2991937363026832,-0.3890521120099881,-0.14340493103818594
142,,,,,,,,,,,,,,,,,,,,,,,,,,
143,-0.44994450722835166,-5.795635219811547,3.8687749794881903,-1.9051495403277152,-1.9791647272861816,-1.918823918609908,-2.058813362467018,-5.4941121213363875,5.779964853924784,-15.17676144657713,-26.883101723410867,-24.18710966904958,-4.028196337999719,5.323800670829686,6.3701455671566,-6.316760464148088,6.788153422601296,-1.0456475445918676,-1.5317608686728459,-0.8908892500383611,-2.089710091551145,5.832733613580014,0.23061641645053346,0.03610055094979929,2.1078376200783886,0.6117466666041627
91,-3.609679531229245,-5.583928096406307,-4.197961014682443,-5.078249233446768,-2.956449085293117,-4.070868888343491,-3.9440195745400026,-4.4283826432567714,-3.1730988989547,-2.454838503342364,-4.8915867806768905,-3.788549040385348,-2.7486055605575523,-2.7852155035682222,-4.977881147323299,-6.0628353786292895,-2.790513422197021,-1.4038865541140166,-2.5734560288848822,-3.5321683545195826,-1.16297413033157,-3.273090355393515,-1.3324130485797043,-2.294631341252056,-2.2248262530160314,-1.4389690250348073
92,-2.1124024391174316,-1.818183183670044,-0.43100404739379883,-2.555612325668335,-2.037731647491455,-2.981858491897583,-1.8020439147949219,0.6738824248313904,-2.3457980155944824,2.724409818649292,3.4463067054748535,-1.7201112508773804,-1.0184921026229858,0.47604942321777344,-2.596397638320923,-3.010716199874878,0.8474843502044678,-1.3489900827407837,-1.3034883737564087,1.211223840713501,-1.819838523864746,0.2105761617422104,0.26204240322113037,-3.90499210357666,1.4287527799606323,-2.3064379692077637
93,-1.3849013500353868,-1.3921162152991575,-1.3366345355615896,-1.3697371517910677,-1.3338480990599184,-1.342359239125953,-1.3664342647089678,-1.3599279908572925,-1.3339829133713947,-1.3332692910643185,-1.359870017013129,-1.3346631487502771,-1.3776640252155417,-1.3602803761468214,-1.3443564886555952,-1.3467283950132483,-1.3320617395288803,-1.3561152180328089,-2.1626976518069996,-0.9063219257137355,-1.0644915156504686,-1.3209801999961628,-0.9401286419700173,-1.8464795333497666,-3.2952990531921387,-1.5826511330464308
144,0.5629227161407471,0.5529103875160217,3.774775266647339,0.3769719898700714,0.48682737350463867,0.11049994826316833,6.413227558135986,2.194610834121704,4.538751125335693,4.9669904708862305,0.8717103600502014,4.212788105010986,6.6704864501953125,9.715353965759277,1.7029646635055542,0.18503400683403015,-2.689349412918091,-12.089971542358398,-6.689995288848877,2.3914620876312256,-0.41707009077072144,0.8600090742111206,-1.6321989297866821,1.4919863939285278,0.18213313817977905,-1.9978410005569458
95,7.31939998742576,3.968549248562238,-0.1278455914814182,1.564782916010351,1.067460721327105,6.924208554709069,4.72978479890414,5.927150902522197,2.1357301339185057,-0.49144539788852787,21.870369813944624,9.00389857288933,1.907224590454912,25.328019176862227,23.735757659041436,-26.09926433039603,-24.85268068982062,18.152458051028095,17.47863429617659,3.0429639133720476,5.729451058902473,7.61572271084117,5.43128536961903,7.0927015219893415,1.169380771336211,5.601246778487671
96,3.9114367167154946,0.6819254137851574,-0.2314971619182163,-2.0788999928368463,1.7016333474053278,4.607349060199879,-3.027251305403533,-0.13689581001246418,-4.153995090060764,3.963441433729949,3.3967709364714445,1.873446641144929,1.9675130579206679,3.8382425484833895,0.43641720215479535,1.8169912497202556,3.6062719027201333,0.42546031762052466,3.7153986118457936,3.6511304555115878,-4.170594339017515,11.299839902807165,5.040898305398446,3.169436543076127,1.3545719937041953,1.9253427275904902
97,-4.0413331971547315,-4.257849444683084,-1.4702721419842113,-0.2799159858954328,-4.145992308628754,-1.9389743688682237,-0.7330104350811415,3.9279577418885445,-2.5611275376807234,-5.533272386933286,-1.9330028329655489,-3.1569300503513524,-1.748448961208766,-4.691303438393869,-5.288578665841405,0.824074512947191,-3.4601699707759805,-2.3042085490673108,0.7336571420749343,-0.8279290142755794,-5.2267946698398235,-0.6612963519803309,0.41269415219021455,-3.8003969199163405,-2.8676749872252896,-1.7690526092703516
98,-14.892004403978882,-15.28136167193933,-12.861869272553008,-12.22061581340588,-17.695214326632634,-13.844987555984567,-12.531136012115658,-15.013192056274294,-10.6801603651512,-10.603484386355936,-12.789666747024183,-13.229664860222016,-15.286730819409348,-14.526648358729894,-13.953547396058541,-11.880701121970693,-11.274635185923914,-8.069954410194468,-17.067658202314362,-14.126174619530364,-14.353141240900555,-13.151280992604446,-11.317629082268338,-14.775197787691154,-14.003343328708452,-14.400269961683643
108,-3.7440477152350558,-1.9527550709297943,-1.939281306958845,-2.700051933494315,-1.0485744637866434,-1.0733137571949518,-1.2238354630637587,0.5017829858026752,-2.581615809854744,-3.42477914083755,-2.2474559538943306,-0.6374123173823767,-1.714356950157715,0.03444845580044344,-3.897155234618766,-3.800875333685909,-3.553597662651368,-1.9510287149100782,-1.4376592742787166,-1.879920040572172,-1.8395254256551345,0.25556945641030465,-4.258380600329982,-2.28465021138456,-2.499423010594121,-3.3314190264523886
99,-1.9009022697823592,-2.770879024019968,-0.0445854949487516,-0.47369384365963874,2.221517495890282,2.406139568869793,4.805740999804089,2.230762944657405,-2.103037286195682,-1.9322385745758703,-4.224789043014323,-2.436601626057956,-2.078607795254962,-1.3363293072010196,-3.2825176131430625,-2.155287833834717,-0.1081075833011718,-4.046271670182362,-2.5385659909000244,-3.7935079901949345,-3.3975009488156975,-3.254771180591388,-2.5239229878671856,-0.3777942549773378,-1.2891264106673086,-1.4422927948594269
100,0.4137607345233629,-0.2546518384348546,0.15240879450278647,-1.4403061079499535,-1.069284056358996,-1.1421972467633006,-0.8566484835442421,-0.5828592290156314,0.3430284424366348,-2.4605128772441898,-2.7071514060781645,-1.281204568615598,-1.0568714100765122,-2.54988922046036,-1.6905477340547823,-0.9974260886192021,-1.0909680073591341,-2.104990187873124,-2.4311542891557174,-1.2297483125674857,-2.8499998416092724,-2.907150593521727,-1.533874501475652,0.6635446140555772,-0.21501669104392765,-0.14986036370114694
101,13.486664457481448,7.955341165180967,23.52476915792257,8.892368704250803,10.552416065159965,10.976994976276108,10.547022516487026,14.039559572684665,12.172897777637514,7.8077415991418,-46.87181813175939,-17.541097397884712,14.37415916028143,1.8385532498457509,-3.4953517978150055,8.020229098238364,18.884956689942786,9.527501106481342,-30.037573802370986,5.762071555652538,6.890541322091046,8.20013378497933,8.330302435309948,2.4579168917085905,19.058134235253856,9.178897824607978
102,-0.6585054726762605,-1.1173741696852186,-0.017218219935819633,-2.3021184635070555,-0.37062014979357816,-0.30746704972528677,-0.6691731927325495,-2.4967863474774914,0.019717590337557028,-2.220984258374738,-0.6843422020940443,-2.638532501921914,-3.2365029610555855,-4.038619938254445,-2.2079517233756056,-1.4783092126350064,-0.8310693159983804,-2.1412102445328456,-1.2478294054321075,-0.8942818871862783,-2.1500071457520145,-1.8948312537295948,-1.347783684605199,-0.4016426416691135,-1.0237111062618751,-2.2491440664663567
103,,,,,,,,,,,,,,,,,,,,,,,,,,
109,-1.9545934424555782,-0.49370974999844425,-3.9679026449104553,-1.1129805260560655,-1.489444712171551,-1.4598370381719528,-1.6978524597750853,0.3482110964326236,-2.1746468576642894,-0.9451264334085695,-0.8158690434832244,-1.1321565665129198,0.7794606226525922,-0.8996668193457106,-0.6092748849556087,-2.8888385888049513,-2.705137370642736,-2.1116825212491004,-0.8211104173444062,-0.9914872258450697,-3.1996548458805,-1.1434510458322504,-5.491735840393418,0.01513753578023883,-3.2702744924369394,-2.9134389302916075
110,-3.665538664983317,-2.4047798149076134,-2.005427851315996,-1.5868531081778419,-2.265160788388437,-0.9231085538277798,-2.900722262282002,-1.9956532185202163,-3.5753900434195915,-2.458805894406276,-1.565484100910135,-3.748254416374633,-2.2146376198926183,-2.2008844160595613,-2.5485389039811275,-2.9178230231182667,-2.684694546137092,-2.3462393905481242,-2.494116619659013,-1.1772300643357099,-3.2861645474917838,-3.0906662024925295,-2.9878928846449035,-1.9937225370940095,-3.0830755349593844,-2.8272039960404682
104,-3.384006425260707,-6.063971743867118,-2.142736719883475,-6.330624450505685,3.1105157887938817,-5.866575685636067,-0.3879066210258282,0.32964431977796577,-2.6328802902017463,-0.972008256068681,-17.568340322072917,-3.9917427917888144,-7.368684831374223,-6.986713288631249,0.9394448647405754,-2.909757869429901,16.273457718174615,-19.73560234192036,-2.527135140414446,-2.4973438882100196,-1.6638871639823367,1.5752007830379458,-2.4908937985524386,0.6639765003002028,-3.3794700791912815,-3.6949333675597402
105,-2.2847216508305657,-2.4840915828095795,-2.7308412167533502,-1.0283979505276981,-1.561154732018662,-1.6832495556811775,-1.6472364699859379,-2.2898058793367744,-2.912539859141972,-2.939419284251064,1.341321599734491,0.06701694871813918,-2.8063558577832075,2.1939189932051617,-9.366612009904207,2.021393342408547,-3.081594280251206,-1.3437733949834443,8.68462519886746,-1.0369662170594125,-3.26398590560208,-0.02607519183996447,-2.121589568025752,-3.1606239447661486,-3.090881545049555,-1.9342803479257624
106,-0.2764287831642505,-3.0119413592100828,-0.9358982832121274,0.20794668865828544,-0.36267223985397756,-0.47538734054917775,-0.5019779857523335,-1.3410608375013755,-3.1009429178196073,-1.2245745695209855,-6.661707954747336,-1.770605513321355,14.259269354965886,-5.007185088296242,-3.8247275458180847,2.8786323193846077,-4.850892856203276,6.792881472944626,-2.184840788982185,-0.1827213401961246,-1.7743277624616483,-2.167133208639516,-1.4867691825616536,-2.595600811425101,-2.1055344738102897,-1.4730006760270724
107,0.9133135211619419,-5.468551506858416,0.22912555701529128,1.2406351448185973,-0.5359895535523105,-0.614512399443652,-0.7087485620129387,-1.6078179951611793,-4.2725343246325505,-4.658237016840519,-1.6532741347391882,-12.011224413508398,5.4699831716870015,1.247991701146393,-4.0521946143694585,0.14609013833528312,3.4055176738244795,-4.8511628227018875,-0.8746464089150995,-0.26339795247597514,-2.718541779577158,-2.2903503682336255,-3.3335044869366506,-4.719163104625319,-0.692966228161722,-2.3470027658273627
111,-2.0762830250575366,2.3938830220836333,-2.598275170586575,-0.22516391666648888,-1.713990910749497,-1.7616099090925579,-1.5758905929309883,-0.551830099365706,2.4365964600409584,-8.301333201342615,6.494560002499185,-4.890311664548413,2.382304495264744,5.546080150823483,-3.4191733605560217,-0.8686562387872188,-1.3199646642495846,0.183537346915738,-4.370655132436204,-2.009731372647073,-6.350262950206625,-3.3276290955642858,-3.7941803178567994,-5.910919089426939,0.38737588046766264,-0.6539016008890909
112,-0.5863095736490656,-1.1795596265688928,1.3497517145698186,0.2759885004722481,0.8805618499908875,0.7338269291837559,5.500452915789078,1.1395446517877594,6.647173975062158,-3.32025899354577,-1.9764727807386229,-3.818075595545838,1.3027278889183218,1.0966900755403182,-5.286907148087203,1.3136896559086824,2.493018084567743,-1.2627705672718081,-2.934351174396141,-0.23262775600939525,-0.6407197974291882,-1.3804287282641237,-1.8069099708933125,-0.5776684384232991,2.363010520584752,-2.769376800729512
113,,,,,,,,,,,,,,,,,,,,,,,,,,
123,0.0863439717458043,-0.4169981214808854,0.05550354241019313,1.2980946364846813,-1.2726298059701269,-0.28787897205790114,-1.4486134581588577,-0.9100676693525934,1.2299806138500824,0.2315722190261048,-0.8539277852901545,0.3500555730045939,-1.1637078232438298,-0.23520385731239224,0.04243534873472055,0.9786456472746653,0.059988445357601346,1.1370185892767586,1.6701753733177886,0.2343487759406665,-0.22677543735994798,0.1372809716328887,0.17234915023385716,0.3611883188691515,-0.1533097156791884,-0.014609055413783992
114,-10.648078402858252,-8.99976269149634,-5.268748200897485,-9.704504132880578,-4.587094874340801,-6.308802572506359,-8.235750026145274,-5.505554024088802,-3.9405746893640137,-9.954131304799645,-9.0059338993169,-6.4562377354667095,-6.09037187700888,-7.66419266475404,-8.237911726840382,-6.976520736908389,-5.581244396681897,-7.5683779619103015,-4.949640119244987,-6.178174587145922,-6.611565346847216,-2.0465147259480254,-3.8400065448591927,-6.780411408559949,-4.522514160923881,-7.485781121154257
115,0.17360093073406999,-0.36590220214020114,-1.585207171752606,-0.12943473889242485,-2.388765398571249,-2.3642310236862554,0.2645015456980715,-0.8354365046926552,-2.8486965603296213,0.02762871436644474,-2.3403425177372,-4.858609299981762,-2.8231345878268215,-3.0462832701689733,1.1718547541853275,-1.9833900128139899,-0.2528054446363735,-2.3335774411490102,-1.2384943793318177,-1.3403285513882304,-1.6404086723163216,-2.701410181865212,-2.1904293355550726,-0.6770206596324059,-2.597418728840774,-2.0908786677882527
116,2.5340895018880327,-6.477899735882168,-1.9537766381171804,3.6539621603078944,1.6041910484354331,1.495630885016114,-1.3901511333468888,7.071287005035965,9.97221804926635,-11.236735056317041,0.6728510604161159,4.20066949425551,10.209189440207506,1.1532466888782524,-12.180053750043193,4.582163516806547,10.419524793271664,0.5359138440261916,1.0899880877769892,7.386086474020014,-7.149814468212228,6.788206307345598,10.081031945647386,-3.0066979820236424,2.111923110232782,2.261025773942786
117,-23.270301233211033,2.1819233834284395,-16.029159739697484,10.72619469165802,-2.5080840342710924,-2.427529339553316,-2.6993899477924495,-16.132050042756845,-11.64620977186821,-4.020615443727658,-9.260640923406037,-0.9506074245512472,9.394841377835878,-20.601837070894913,17.564539726687148,-4.596814615881517,4.200676605445792,-6.699320829124518,-8.738195782118071,-0.549892082333919,-15.758850610759897,1.9280265816815303,5.425037267699208,-7.732422983730343,-2.533166008415094,-3.0484325787305018
118,-0.6822467247307976,-1.1897710797208736,-0.4048326587795356,-0.04013350712703438,-1.25500478078922,-0.5252982600769792,-0.9138654759360125,-1.5194575981785259,0.8574094872290117,-0.31866486154611606,-1.0617900262831668,-0.5552854020277724,-1.6360428081201512,-0.879600752806723,-0.47904796872409316,-0.2759842806823625,-0.3846905311631849,0.3678789117217039,-0.12019483220347067,-0.04567916905455876,-1.664032451576013,-1.0638603804487206,-0.43954989312512605,-0.27523343314106385,-1.1643561171049235,-1.0205604525834326
119,-1.1800268190976364,-0.47713856419897216,0.14063273781237542,0.16349088016932342,-1.145346559890011,-0.14416518938461517,-0.5024042689890725,-1.1271822094026842,0.43109953483488034,-0.41848709800271894,-0.6683204526973912,-0.5419846776254312,-0.9257326394591568,-0.4376121221546813,0.1203151332956437,0.20500829511091784,-0.12793787691455835,0.40055737765342664,1.0040066512666672,-0.08766961297220133,-0.682617029441201,0.12987349947921062,-0.037312330473054656,-0.21282870247898347,0.06201550810390592,-0.6007190721054229
120,-1.16135881277886,-0.5997382217397589,-0.08806190636067368,-0.64802215245473,-1.4058733310030027,-0.1278441260300732,-0.9146655680202748,-0.5432434896316806,0.4561641374492869,-0.06666074863951835,-1.2189220210816023,-0.5169010756978508,-0.7660925410703864,-0.43218157889733044,-0.045371868347031934,0.14241439899963673,-0.4135670980255485,-0.0027301147161232484,1.1026425178443753,-0.03997632599394831,-0.5412735547822227,-0.08974949564189262,-0.1281313387321303,-0.5805124938018718,-0.1917472592394796,-0.4273189261248933
121,-2.8730669633691135,-0.5034316046302539,-1.5352565630524255,0.5066475041272543,-2.3531825423146007,-1.32123787099205,-1.3389625755819952,-1.686319661162382,-1.526322491274489,-0.6183919406729484,-0.7808267859538202,-1.9152806961432178,-1.9287759331308174,-1.1612253225742237,-1.003163512012653,0.13497731606498936,-1.5496206345008186,-0.5629137732443082,-0.030037858979907697,-1.3557522278468557,-2.0231254416937547,-1.7125604545179611,-1.0154547150325568,-0.6893120793140195,-2.159844184188146,-1.839744486836539
122,-0.49380609625623606,-0.34907358135208766,-0.6225416475246957,1.183629994008419,-0.7205308906031197,-0.8563861154856267,-0.629205590349951,0.2422851809045214,0.9511731178923798,-1.2107096605337464,-1.2780573224042353,-0.7882548157079678,-1.00551463499851,0.22497696057606753,0.2122543323515041,0.36716674774278735,0.13945570582386413,0.5742173735245623,1.0629608555894545,0.22979331040224718,-0.7190157887157586,0.2886707230989773,0.018425673033806694,0.10631442834456754,-0.4942395992842702,-0.1453468805593974
135,-21.27374016455351,-9.209884027162424,33.42791098203414,0.4422771628611745,-17.3657941420873,-17.40186578188187,-17.34960204210037,-24.400138757167717,9.451046865290174,9.143155286279626,4.540605733314385,-0.37078177702063936,-8.176890974177812,-27.155875438298935,15.092539713932918,16.562015178876045,-12.12322603395352,5.074567040571799,3.8806988306534596,-1.7267912064607327,-1.5112562644749115,-2.1253717747540812,-1.716411687574015,-2.4540415478822513,-1.5263352012022948,-1.253778165940625
124,-1.692399986864945,-0.36415875552722304,-1.5334235175845718,-0.4565956854495535,-1.360775086537096,-0.32921635656796344,-1.4857826964788916,-1.131476180792374,-0.4256499163842322,-1.4610509738952453,-1.6438331432510767,-0.5249373832413645,-0.2779471723942972,-0.7922856863278753,-0.9699514692507103,-0.6657076973389974,-0.640714840162642,-1.1433560389144855,-0.9990440491515913,-1.039616922845383,-0.9289302221038259,-1.7009725553265564,-0.8027456170671173,-0.8991020215852824,-1.3814071975417428,-0.7525628574697626
125,0.07468827852182117,0.3478947917204067,-1.0343442396937546,-0.013010239096959326,-0.703424373418464,-0.2823931724515318,-1.6082959371294205,-1.1866102349962198,0.4632293203347411,-1.11773662217925,-1.1490158075597996,-1.0745239224604253,-0.5951108040972302,0.6866102905340652,-0.350724171267215,0.14559966259545634,-0.9793168792563159,0.4857703947688347,0.11379284890899208,-0.8104322516351778,-0.19045623851366414,-0.5332770896445733,-0.4710695311745082,-0.8463016952483837,-0.4271527135239152,-0.4257015035647753
126,,,,,,,,,,,,,,,,,,,,,,,,,,
127,2.387263536453247,1.3572276830673218,-0.4447285532951355,-3.5125138759613037,0.19604389369487762,4.438283920288086,-4.438230991363525,1.9341663122177124,3.226734161376953,-10.813982963562012,-1.5320820808410645,-1.1118228435516357,1.0392968654632568,-0.7908547520637512,0.1978939175605774,1.6811223030090332,0.6559725403785706,0.012893421575427055,-3.1896960735321045,-3.273003101348877,-0.3461354374885559,-1.0009721517562866,-2.22837495803833,-1.093604326248169,1.2708415985107422,0.3575890064239502
128,,,,,,,,,,,,,,,,,,,,,,,,,,
129,-0.7766979492184791,-0.7189947578040037,-3.5096435460177333,-1.8635618735951456,-0.7922589908946644,2.1497888523407958,-0.1223994943228635,5.628053395653313,-2.5453704331070184,2.6561047395521946,5.950149272198112,-2.055002643845298,-1.0799707634162836,1.4180510645562951,-0.9914841408079321,0.12848460696510633,-1.222918028621511,0.8791847151788799,0.9456378410427451,-1.6941591522910378,0.6922190606636418,-3.4568057450381193,-1.5315796930850907,0.1545906780118292,-0.9030624452004717,-1.7532650384035977
130,,,,,,,,,,,,,,,,,,,,,,,,,,
131,-1.29063576176053,-8.592390923272996,-3.1940212476821173,1.6350092178299314,-1.5318806171417236,-3.182559081486293,2.777449681645348,1.5098719838119687,-0.48973160556384493,-1.8711416189159666,0.6850007545380365,-2.63279390335083,-0.6492521564165751,-1.787343558811006,-2.291967999367487,-1.1458878290085566,-0.573746994847343,-1.723018038840521,-4.367572182700748,-6.632262820289249,-2.170492649078369,-0.3762401072751908,-1.1658302800995963,-0.8531529726017089,0.08354435116052628,0.8347861128193992
132,-1.218334649548386,-2.947403994473544,-1.998364340175282,-0.8952993913130327,0.1396526809725346,-0.9020390474435055,0.5731039851000814,0.15695802799680017,-1.8410872798977476,2.009160395824548,-1.3044497099789707,-1.8305811520778772,-0.6297456333131501,-1.3347362930124456,-0.6072217045408307,0.5064320031440619,-0.8398736859812881,1.6247554150494663,0.988644464449449,0.32117519956646545,-1.3947167721661655,0.6263887132659103,0.372506421623808,-1.0447302298112349,-0.3648568572420062,-0.12817057560790668
133,0.29223087430000305,0.899285614490509,0.2447301149368286,0.0566096268594265,0.04214828833937645,0.04118441790342331,0.05038197338581085,-0.013130648992955685,1.8515821695327759,1.582503080368042,-2.591980457305908,-0.7318511009216309,-0.045368753373622894,-0.2532885670661926,-0.6816791296005249,1.6336462497711182,-0.04954146593809128,-0.10661739110946655,0.8829163908958435,0.5381550192832947,0.06805894523859024,-0.05578012391924858,0.4565262198448181,-0.24417003989219666,-0.3436257541179657,0.2224852293729782
134,-0.3982628881931305,-1.5226374864578247,0.6639766097068787,1.0296703577041626,0.08829325437545776,0.07515544444322586,0.10225743800401688,0.22699423134326935,5.852758407592773,1.243432879447937,-1.5846426486968994,-1.2255275249481201,-0.05337441712617874,-0.4208614230155945,-0.8958778977394104,1.6781127452850342,-0.9363257884979248,0.040932681411504745,1.1878483295440674,0.2964150011539459,-0.4167057275772095,-0.45799243450164795,0.22523629665374756,-0.48082849383354187,-0.5651256442070007,0.0011018909281119704
146,0.26041883904025215,3.266441852367414,0.1309822321129151,-0.3461319012642026,0.16084469782130162,0.21119096881293417,0.25388185103872307,7.200661544075125,-18.15910545577351,-13.051779868691481,-12.921979289788466,3.6056806567387705,-7.120119417707126,5.623295559842362,3.7694296488734733,-3.2664909707939525,0.44209599443459274,2.5432460735713867,-5.572375851818639,-4.317995531266911,1.8537457763639271,-2.823741544006217,-0.2325987267066483,3.8039341088373777,-1.7007962905900007,-1.7051527352096179
147,5.610688611384361,-2.592181705748312,2.199703103271864,-2.777409066366012,3.9891402254341752,-0.14832459378146357,0.20977292420975965,4.800072916092411,4.997537851974529,0.15355284221176815,-3.8797109140901855,1.2554251035395008,1.722210516532262,4.206771652544698,1.439815550201362,-0.09958840351081102,1.0567457810324687,4.002154158648624,5.6532685737456045,3.9168209837329004,-0.25150033695653323,-0.7062817271382633,2.6869730343741756,2.695416480623266,0.8405580371529864,2.1190868082546417
148,-1.577085219323635,-1.686284073193868,-0.899828350620392,4.402129201399974,-2.7086226451091275,2.068525056961255,2.5500085048186474,-3.4133017381032307,4.038712234374804,-0.8695922197559132,6.166418078006842,-3.224622721549792,4.2443542663867655,0.8792544841288756,1.551765249784176,-2.7862679958343506,2.2830815348869713,0.23352914600848004,-4.1341114215361765,0.6644246043876195,1.933400589129768,1.3723793843426766,-4.626019300672058,11.550418592110658,8.442638313158964,0.8275067337430441
149,,,,,,,,,,,,,,,,,,,,,,,,,,
150,,,,,,,,,,,,,,,,,,,,,,,,,,
151,,,,,,,,,,,,,,,,,,,,,,,,,,
152,,,,,,,,,,,,,,,,,,,,,,,,,,
153,,,,,,,,,,,,,,,,,,,,,,,,,,
166,2.6911101695150137,-5.132684946060181,1.1464026735888586,-1.0779146717654333,-5.545584115717146,6.740969796975453,-2.3276296142074795,1.3283246874602304,-1.937726092007425,8.183730748171607,-2.113463655942016,-3.7126916928423777,4.149147437678443,2.2593617058462567,4.8549106485313835,-7.30923937426673,-8.193016383383009,-0.4027286966771094,3.739086042261786,2.6450288856609,-5.715184728304545,0.1182807754052596,-7.782073517640431,3.647936522960663,2.8695230106305747,1.0040862255005374
167,,,,,,,,,,,,,,,,,,,,,,,,,,
168,,,,,,,,,,,,,,,,,,,,,,,,,,
169,-7.831125736236572,-7.880069732666016,-10.82302474975586,-30.176982879638672,-9.335193634033203,6.029969692230225,-66.66761779785156,54.4501838684082,-3.7349348068237305,43.23939895629883,-15.697548866271973,-30.979427337646484,110.9953384399414,10.388838768005371,-125.81163787841797,1.1681575775146484,23.214948654174805,-68.541748046875,-24.679861068725586,-14.12926959991455,-0.7984753847122192,-6.294938087463379,-8.163172721862793,-7.2230916023254395,1.539406180381775,-5.8117499351501465
170,-33.51100882121495,-18.820165361676896,-10.124043563434055,-4.35034624849047,-7.856477441106524,-24.259664562770297,-38.47030961172921,22.732837230818614,-2.445967085020883,12.299111870356969,-28.628433663504463,-13.090881293160574,5.098277030672346,9.515279027393886,-48.59181104387556,11.077456109012877,-33.85942374638149,-25.431476729256765,-5.234414961508342,-14.830670601981026,-5.777858201095036,-9.757754230499268,-13.03916266305106,-7.310100882393973,-3.593385960800307,-10.418584210532051
154,0.3885931378772542,-1.2788232484384867,-0.39990267831827836,-0.9833131049441908,0.07478729000689775,0.25271956403536366,0.21542284890347527,1.1277814624761546,-2.991412814195991,-4.321763549409743,-1.2168432998024998,-4.428652995481911,-4.4768382631078385,-5.609909947148434,-1.2636505912816232,-0.9119707248863578,-5.000972780882808,2.2742147027765434,-3.783724671013436,-3.159760543235062,-1.7255843190221012,-2.1354041522598863,-1.6527573994649243,-2.711854477597372,-2.469020223809176,-1.1621743344060458
155,-0.4268487764163575,-0.4268487764163575,-0.4268487764163575,-0.4268487764163575,-0.4268487764163575,-0.4268487764163575,-0.4268487764163575,-0.4268487764163575,-0.4268487764163575,-0.4268487764163575,-0.4513368951071293,-1.2762571645712635,-4.979535451996217,-2.2682390053833434,-10.694753526547633,-12.136570070861676,-7.317168624029247,5.38954164115114,-3.956759069730109,-4.559944189435572,3.463578659874481,-20.777330774779713,-5.002218337234007,-4.9837357377624905,-15.954769814779999,-4.137227287413467
171,,,,,,,,,,,,,,,,,,,,,,,,,,
172,,,,,,,,,,,,,,,,,,,,,,,,,,
173,,,,,,,,,,,,,,,,,,,,,,,,,,
174,,,,,,,,,,,,,,,,,,,,,,,,,,
175,,,,,,,,,,,,,,,,,,,,,,,,,,
156,-3.257071146969873,-0.811084662367331,0.21498920978788766,-2.0072906200818563,-1.0427967166850076,-2.011284554661761,-1.9443403646364394,-2.108414275767362,4.676018084911929,1.1204901058388097,2.1163182296468706,-2.1940808637863114,-2.8503807092430384,-2.141050692559252,-3.905432199091701,-2.2541798120903076,1.9178715433954674,-1.6470597262181639,-4.679275275627364,-1.7041805751584407,-1.5301264430362918,-0.6232285486175259,0.2591953693839163,0.22333971880737163,-0.6828778739921474,-0.3698966740421753
157,-5.567577608015629,-6.8994837368946635,-6.0068893112240085,-4.078785608896288,-6.491752492337151,-6.261282059227029,-4.4948661656445115,-5.426459543473391,-5.880164432432659,-6.489854847748076,-3.8828121129715436,-6.756083319584762,-6.040131467625553,-9.560405470242465,-6.708585830863385,-5.52553418591869,-7.15265188201145,-7.447702067378221,-8.861668654837642,-6.2966373439442025,-6.792995137032474,-4.39807695656127,-5.421617332983323,-6.207030781054631,-6.345629069280751,-6.797327775251761
158,-0.20901715562678783,-1.552359189354833,-0.08166305390414691,-0.6319393757538693,-0.10894280246383846,-0.2287083974586686,-3.7089963629668925,-2.647377098161893,2.541076254876329,0.22325617875249526,-0.10254441970535122,-0.9108220298564186,-1.3425244270331613,-0.7814659901488333,-0.5890641926346869,-0.9976192672154284,1.5061295613599996,-0.8064792500892511,-1.5673922921378662,-1.187655422488942,0.260701186362028,-1.1730149153716238,-1.215424197252456,-0.13519824708592593,-1.3592217784235878,-0.960385262892635
176,-0.5757330937311054,-6.875524783134461,2.262520967175563,8.942536722620329,-4.321497964859009,2.287385508418083,-2.570604407787323,1.9019533703724543,-5.767434453964233,-3.7551013628641763,-1.732014242808024,-2.264073204994202,-3.1393263300259906,-5.259945662816365,-8.678355097770691,-0.058755392829577126,2.903128901620706,-3.678329070409139,3.8804238557815554,-0.839844959974289,-0.2737024575471878,-2.2365733524163565,0.7269132082660993,-2.142313345273336,-1.7565443833669028,-1.239340035120646
177,-0.5446678996086121,-6.266239166259766,5.7032012939453125,3.4407548904418945,-5.402864933013916,1.9320722818374634,3.3836700916290283,1.0374075174331665,0.6386627554893494,-1.413131833076477,0.29780954122543335,-1.339892029762268,0.4641987979412079,2.1802525520324707,0.14243991672992706,-0.3220119774341583,-1.0325064659118652,-0.3231440484523773,0.4290623664855957,0.4651311933994293,0.6631308197975159,-2.2993059158325195,0.5151864290237427,1.8640568256378174,-0.2548099458217621,0.33778753876686096
178,,,,,,,,,,,,,,,,,,,,,,,,,,
159,-6.455891644569005,-4.8976692629235075,-4.817284843446958,-5.281836425914771,-4.5536540562801395,-4.1910439551071725,-3.5236556281534788,-11.202547562419452,-8.693088536216406,4.409692445659847,-5.909653472835858,-6.746880413232594,-4.256696135776533,-4.510890453726794,-5.524877748200924,-7.3821040509484925,-6.70803705101924,-5.835654845621592,-5.682662236829209,-4.527972842458025,-6.101212290121183,-4.709788391608618,-4.14216895081253,-4.377514418815455,-5.818091459572315,-5.7566689538007365
160,7.79179600989323,3.4136947929748387,0.970483029040709,37.30562897610769,9.404635708762685,4.93913479025849,4.680301358348932,7.351872794691161,21.809040376268296,20.46169451995043,23.437121057300317,10.020656353051441,4.812142936527187,9.416660721081469,3.5812423114545875,19.17644301280051,13.01422208206244,14.777320333514444,11.524851173556323,10.431802301154788,10.577280684189649,12.120662411929228,12.43048525696809,9.361038008187837,11.455129241103117,10.824654981690882
161,-0.877205548457537,1.2451707234605025,0.09777247317277453,-1.9100702891126016,-2.2829950115335755,0.16973611224819363,-3.488338883962303,-0.37799232711856995,2.7356841114341592,-0.3894878278061895,-3.0766318408966056,6.9608856541904975,-3.1409485788571834,-1.3460243260199884,2.0794243964805874,0.5242452067159696,-6.6301358677594235,-1.3475469811023653,-2.178067100809191,-2.6440655637880353,1.6307331859773153,-1.6280416620950382,-2.1557173203823874,1.510613179624759,-1.7521282936879397,0.04229504108767529
180,,,,,,,,,,,,,,,,,,,,,,,,,,
181,,,,,,,,,,,,,,,,,,,,,,,,,,
162,4.639160823696755,2.3508498184492326,4.128323811709185,8.086499988691893,3.135580873342069,6.783803887677313,5.56321713426918,3.5830785927127216,3.259385855159489,4.758360595066422,1.485594935123223,0.24321683996793741,5.640958707382642,3.5197209640771816,5.4741963099934665,0.1868039297452231,4.696099967777715,6.595503716757035,3.791767043339756,7.289951828357957,3.020291266074691,4.647879004160989,2.0181181954291287,5.638827363971212,4.269486388665404,4.2507410403554085
163,0.13947610982491687,0.11323131492129698,-0.02955533754941461,-2.952949297449649,-10.516473725384323,-9.917327366204468,9.999489761862083,9.701608067385125,-19.26048380373187,0.9350997036934867,2.9008094455360935,-0.66778491336738,0.6017826949834608,0.2990348994100865,-3.1179288008152795,2.7024690928441952,-0.530166117383658,-0.1901475608015571,1.8753849005440943,-0.18990651943580314,-1.754431569942068,-2.273245343232413,-2.100856467274552,-1.6592533346332798,-0.8157885093849223,-1.9173896452580117
164,3.2896083890657706,16.92902705234847,2.9059942483608356,-32.481660967389935,-28.53062521269903,31.564784370032438,-45.88665920407901,59.544197054332116,-12.9604391109547,-19.266009341319794,5.205204457631839,-1.2400117267721467,0.9039207119953456,-1.620448508423184,4.416337985123319,1.3506108022161893,-1.9778714516920408,5.355202467400286,0.06415014244212305,1.6004089892204172,1.4497359847200328,6.0775689162644255,5.420542815635944,-2.507694582633784,-11.50569296587864,-0.964222196480397
165,-8.78515338897705,-11.31605339050293,-3.3920702934265137,17.953088760375977,-5.272666931152344,-3.875525951385498,-3.0040690898895264,-4.842101097106934,-1.3793914318084717,6.8352437019348145,-6.134881973266602,-11.964638710021973,-1.8722243309020996,0.3082311153411865,4.344881057739258,-13.077807426452637,-14.122638702392578,-5.728815078735352,-0.38225650787353516,-5.72770881652832,-5.03717565536499,-5.729373455047607,-10.296548843383789,-0.8516554832458496,-1.0707240104675293,-1.2573059797286987
